INSERT OR IGNORE INTO users (id, name, username, password_hash, role) VALUES ('274ba237-229b-49fe-930f-740dab4ae648', 'Profesor de ejemplo 1', 'profesor1', '8d969eef6ecad3c29a3a629280e686cf0c3f5d5a86aff3ca12020c923adc6c92', 'PROFESSOR');
INSERT OR IGNORE INTO users (id, name, username, password_hash, role) VALUES ('12938005-46cc-4414-a4b2-426744c2ba50', 'Profesor de ejemplo 2', 'profesor2', '8d969eef6ecad3c29a3a629280e686cf0c3f5d5a86aff3ca12020c923adc6c92', 'PROFESSOR');
INSERT OR IGNORE INTO classes (id, name, grade, professor_id) VALUES ('adadef5a-21f3-484c-80a9-797d5ea368b0', 'Aula de ejemplo 1', '1ro|A', '274ba237-229b-49fe-930f-740dab4ae648');
INSERT OR IGNORE INTO students (id, name, class_id) VALUES ('0cb93726-f7dc-4f21-819a-a2673cd5cdf5', 'Pablo Gómez', 'adadef5a-21f3-484c-80a9-797d5ea368b0');
INSERT OR IGNORE INTO students (id, name, class_id) VALUES ('aee4c0c0-40f8-44b6-8eec-27691c31d111', 'José Sánchez', 'adadef5a-21f3-484c-80a9-797d5ea368b0');
INSERT OR IGNORE INTO students (id, name, class_id) VALUES ('d22eaca9-f406-412a-ac33-b75c824c988f', 'Pedro Gómez', 'adadef5a-21f3-484c-80a9-797d5ea368b0');
INSERT OR IGNORE INTO students (id, name, class_id) VALUES ('ad0f51e6-cd24-4272-8be2-11527359888f', 'Sofía Rojas', 'adadef5a-21f3-484c-80a9-797d5ea368b0');
INSERT OR IGNORE INTO students (id, name, class_id) VALUES ('bbe1fd35-961f-4083-a400-18024954b4e6', 'David Martínez', 'adadef5a-21f3-484c-80a9-797d5ea368b0');
INSERT OR IGNORE INTO students (id, name, class_id) VALUES ('1752a6d2-a4fd-492d-96ae-bda751b53de7', 'David Castillo', 'adadef5a-21f3-484c-80a9-797d5ea368b0');
INSERT OR IGNORE INTO students (id, name, class_id) VALUES ('9f7b138b-2913-4d43-bcb2-140a4f3bb22f', 'Sofía Castillo', 'adadef5a-21f3-484c-80a9-797d5ea368b0');
INSERT OR IGNORE INTO students (id, name, class_id) VALUES ('a4392e07-7d7f-4656-96ae-8fe49c90d04f', 'Diego Jiménez', 'adadef5a-21f3-484c-80a9-797d5ea368b0');
INSERT OR IGNORE INTO students (id, name, class_id) VALUES ('0a334d63-520d-43b3-84f6-64be329c0b2d', 'Elena López', 'adadef5a-21f3-484c-80a9-797d5ea368b0');
INSERT OR IGNORE INTO students (id, name, class_id) VALUES ('3ec8febf-8755-48be-8954-3d97ee048a89', 'Diego Martínez', 'adadef5a-21f3-484c-80a9-797d5ea368b0');
INSERT OR IGNORE INTO students (id, name, class_id) VALUES ('a4974079-c9ea-4b21-9a3e-56044f13b94a', 'Daniel Reyes', 'adadef5a-21f3-484c-80a9-797d5ea368b0');
INSERT OR IGNORE INTO students (id, name, class_id) VALUES ('ae18fb4a-907b-4f1f-9b80-b9cb84435578', 'Daniel Jiménez', 'adadef5a-21f3-484c-80a9-797d5ea368b0');
INSERT OR IGNORE INTO attendance (id, student_id, class_id, date, status) VALUES ('33b9c17a-e2c0-46c2-bc60-0781d5796fa6', '0cb93726-f7dc-4f21-819a-a2673cd5cdf5', 'adadef5a-21f3-484c-80a9-797d5ea368b0', '2026-03-02', 'PRESENT');
INSERT OR IGNORE INTO attendance (id, student_id, class_id, date, status) VALUES ('3690408c-63af-41c8-ad05-b474d0945b97', 'aee4c0c0-40f8-44b6-8eec-27691c31d111', 'adadef5a-21f3-484c-80a9-797d5ea368b0', '2026-03-02', 'PRESENT');
INSERT OR IGNORE INTO attendance (id, student_id, class_id, date, status) VALUES ('c30ce3c4-aa7a-404e-b1f2-d3e6ca11ef08', 'd22eaca9-f406-412a-ac33-b75c824c988f', 'adadef5a-21f3-484c-80a9-797d5ea368b0', '2026-03-02', 'JUSTIFIED');
INSERT OR IGNORE INTO attendance (id, student_id, class_id, date, status) VALUES ('003ebc90-a603-4e09-aa21-a1b24fc4f3ea', 'ad0f51e6-cd24-4272-8be2-11527359888f', 'adadef5a-21f3-484c-80a9-797d5ea368b0', '2026-03-02', 'PRESENT');
INSERT OR IGNORE INTO attendance (id, student_id, class_id, date, status) VALUES ('8dbad722-fa3a-49c5-a92e-be0da41c545b', 'bbe1fd35-961f-4083-a400-18024954b4e6', 'adadef5a-21f3-484c-80a9-797d5ea368b0', '2026-03-02', 'PRESENT');
INSERT OR IGNORE INTO attendance (id, student_id, class_id, date, status) VALUES ('07df39ea-dc22-49b2-b09b-647ae1f644ef', '1752a6d2-a4fd-492d-96ae-bda751b53de7', 'adadef5a-21f3-484c-80a9-797d5ea368b0', '2026-03-02', 'PRESENT');
INSERT OR IGNORE INTO attendance (id, student_id, class_id, date, status) VALUES ('739edc19-6118-4dea-8bae-5c1874e47fe6', '9f7b138b-2913-4d43-bcb2-140a4f3bb22f', 'adadef5a-21f3-484c-80a9-797d5ea368b0', '2026-03-02', 'JUSTIFIED');
INSERT OR IGNORE INTO attendance (id, student_id, class_id, date, status) VALUES ('541df662-5333-484b-ae4d-2f8db937c4db', 'a4392e07-7d7f-4656-96ae-8fe49c90d04f', 'adadef5a-21f3-484c-80a9-797d5ea368b0', '2026-03-02', 'PRESENT');
INSERT OR IGNORE INTO attendance (id, student_id, class_id, date, status) VALUES ('7220a55c-075a-463f-a698-0576e11cb74e', '0a334d63-520d-43b3-84f6-64be329c0b2d', 'adadef5a-21f3-484c-80a9-797d5ea368b0', '2026-03-02', 'PRESENT');
INSERT OR IGNORE INTO attendance (id, student_id, class_id, date, status) VALUES ('2ab069b2-a2cf-44c5-a5df-8f57946f5cbf', '3ec8febf-8755-48be-8954-3d97ee048a89', 'adadef5a-21f3-484c-80a9-797d5ea368b0', '2026-03-02', 'PRESENT');
INSERT OR IGNORE INTO attendance (id, student_id, class_id, date, status) VALUES ('30fb6895-b259-46f5-be8e-7eee9c5b4263', 'a4974079-c9ea-4b21-9a3e-56044f13b94a', 'adadef5a-21f3-484c-80a9-797d5ea368b0', '2026-03-02', 'JUSTIFIED');
INSERT OR IGNORE INTO attendance (id, student_id, class_id, date, status) VALUES ('e0ac65a5-1859-4c30-97e5-50120d4702ed', 'ae18fb4a-907b-4f1f-9b80-b9cb84435578', 'adadef5a-21f3-484c-80a9-797d5ea368b0', '2026-03-02', 'PRESENT');
INSERT OR IGNORE INTO attendance (id, student_id, class_id, date, status) VALUES ('aa2424d0-73c3-4e8e-ba38-69773880830d', '0cb93726-f7dc-4f21-819a-a2673cd5cdf5', 'adadef5a-21f3-484c-80a9-797d5ea368b0', '2026-03-03', 'PRESENT');
INSERT OR IGNORE INTO attendance (id, student_id, class_id, date, status) VALUES ('87f0205f-ab5a-4442-90d4-a7b2de6cf886', 'aee4c0c0-40f8-44b6-8eec-27691c31d111', 'adadef5a-21f3-484c-80a9-797d5ea368b0', '2026-03-03', 'ABSENT');
INSERT OR IGNORE INTO attendance (id, student_id, class_id, date, status) VALUES ('ab547aa0-5317-4d28-a407-4534e4123b28', 'd22eaca9-f406-412a-ac33-b75c824c988f', 'adadef5a-21f3-484c-80a9-797d5ea368b0', '2026-03-03', 'JUSTIFIED');
INSERT OR IGNORE INTO attendance (id, student_id, class_id, date, status) VALUES ('b13adb98-f1a8-479b-8b4d-c0882420d1b2', 'ad0f51e6-cd24-4272-8be2-11527359888f', 'adadef5a-21f3-484c-80a9-797d5ea368b0', '2026-03-03', 'PRESENT');
INSERT OR IGNORE INTO attendance (id, student_id, class_id, date, status) VALUES ('0fa0fee4-73ee-4ff2-b7a7-e7b0bcea39a8', 'bbe1fd35-961f-4083-a400-18024954b4e6', 'adadef5a-21f3-484c-80a9-797d5ea368b0', '2026-03-03', 'PRESENT');
INSERT OR IGNORE INTO attendance (id, student_id, class_id, date, status) VALUES ('dbd915d2-44a4-4410-8e21-02b8fd680437', '1752a6d2-a4fd-492d-96ae-bda751b53de7', 'adadef5a-21f3-484c-80a9-797d5ea368b0', '2026-03-03', 'PRESENT');
INSERT OR IGNORE INTO attendance (id, student_id, class_id, date, status) VALUES ('2d3f4bd4-ad9a-4273-88ca-4e2e20089fb0', '9f7b138b-2913-4d43-bcb2-140a4f3bb22f', 'adadef5a-21f3-484c-80a9-797d5ea368b0', '2026-03-03', 'PRESENT');
INSERT OR IGNORE INTO attendance (id, student_id, class_id, date, status) VALUES ('4cb6f781-4fc6-408b-ab4d-949ecd76718c', 'a4392e07-7d7f-4656-96ae-8fe49c90d04f', 'adadef5a-21f3-484c-80a9-797d5ea368b0', '2026-03-03', 'PRESENT');
INSERT OR IGNORE INTO attendance (id, student_id, class_id, date, status) VALUES ('93f409c5-45f2-4cb2-8102-cb8ba5ac5b6f', '0a334d63-520d-43b3-84f6-64be329c0b2d', 'adadef5a-21f3-484c-80a9-797d5ea368b0', '2026-03-03', 'PRESENT');
INSERT OR IGNORE INTO attendance (id, student_id, class_id, date, status) VALUES ('f7c407fb-c11d-4c3c-afc0-2d69cfa2b93b', '3ec8febf-8755-48be-8954-3d97ee048a89', 'adadef5a-21f3-484c-80a9-797d5ea368b0', '2026-03-03', 'PRESENT');
INSERT OR IGNORE INTO attendance (id, student_id, class_id, date, status) VALUES ('9f7a3e90-a40c-44b9-9be2-77a4e5bdd68f', 'a4974079-c9ea-4b21-9a3e-56044f13b94a', 'adadef5a-21f3-484c-80a9-797d5ea368b0', '2026-03-03', 'ABSENT');
INSERT OR IGNORE INTO attendance (id, student_id, class_id, date, status) VALUES ('5ae854f1-7a8f-4e31-8d10-e14cab6819e1', 'ae18fb4a-907b-4f1f-9b80-b9cb84435578', 'adadef5a-21f3-484c-80a9-797d5ea368b0', '2026-03-03', 'PRESENT');
INSERT OR IGNORE INTO attendance (id, student_id, class_id, date, status) VALUES ('7fe0f144-1e73-4ea1-a929-a18c89b78ecb', '0cb93726-f7dc-4f21-819a-a2673cd5cdf5', 'adadef5a-21f3-484c-80a9-797d5ea368b0', '2026-03-04', 'ABSENT');
INSERT OR IGNORE INTO attendance (id, student_id, class_id, date, status) VALUES ('2c6d537c-6b7c-44e5-9ab2-0278e864a115', 'aee4c0c0-40f8-44b6-8eec-27691c31d111', 'adadef5a-21f3-484c-80a9-797d5ea368b0', '2026-03-04', 'ABSENT');
INSERT OR IGNORE INTO attendance (id, student_id, class_id, date, status) VALUES ('eaacff9c-fca1-45b8-9844-a52f8718a1e5', 'd22eaca9-f406-412a-ac33-b75c824c988f', 'adadef5a-21f3-484c-80a9-797d5ea368b0', '2026-03-04', 'PRESENT');
INSERT OR IGNORE INTO attendance (id, student_id, class_id, date, status) VALUES ('f71c72ab-3362-4dcc-8362-efc402ebb9e7', 'ad0f51e6-cd24-4272-8be2-11527359888f', 'adadef5a-21f3-484c-80a9-797d5ea368b0', '2026-03-04', 'PRESENT');
INSERT OR IGNORE INTO attendance (id, student_id, class_id, date, status) VALUES ('f6fe5ea3-cd63-4c2d-a98d-a55bb7bd6567', 'bbe1fd35-961f-4083-a400-18024954b4e6', 'adadef5a-21f3-484c-80a9-797d5ea368b0', '2026-03-04', 'PRESENT');
INSERT OR IGNORE INTO attendance (id, student_id, class_id, date, status) VALUES ('9a83bf18-538e-42bf-afee-68d34af6549d', '1752a6d2-a4fd-492d-96ae-bda751b53de7', 'adadef5a-21f3-484c-80a9-797d5ea368b0', '2026-03-04', 'PRESENT');
INSERT OR IGNORE INTO attendance (id, student_id, class_id, date, status) VALUES ('dceb11a1-1401-4bfc-a10f-c23f47e591d5', '9f7b138b-2913-4d43-bcb2-140a4f3bb22f', 'adadef5a-21f3-484c-80a9-797d5ea368b0', '2026-03-04', 'PRESENT');
INSERT OR IGNORE INTO attendance (id, student_id, class_id, date, status) VALUES ('3149b6bf-b156-4dbb-a2f8-c5a8c408a3e2', 'a4392e07-7d7f-4656-96ae-8fe49c90d04f', 'adadef5a-21f3-484c-80a9-797d5ea368b0', '2026-03-04', 'PRESENT');
INSERT OR IGNORE INTO attendance (id, student_id, class_id, date, status) VALUES ('bba93a27-f624-498e-8de1-a5ae6466eb81', '0a334d63-520d-43b3-84f6-64be329c0b2d', 'adadef5a-21f3-484c-80a9-797d5ea368b0', '2026-03-04', 'PRESENT');
INSERT OR IGNORE INTO attendance (id, student_id, class_id, date, status) VALUES ('026e8580-1d58-42a2-81e8-109498f4c4a8', '3ec8febf-8755-48be-8954-3d97ee048a89', 'adadef5a-21f3-484c-80a9-797d5ea368b0', '2026-03-04', 'PRESENT');
INSERT OR IGNORE INTO attendance (id, student_id, class_id, date, status) VALUES ('5e9d7182-2909-4aa1-ae61-e98d02bc1c0d', 'a4974079-c9ea-4b21-9a3e-56044f13b94a', 'adadef5a-21f3-484c-80a9-797d5ea368b0', '2026-03-04', 'PRESENT');
INSERT OR IGNORE INTO attendance (id, student_id, class_id, date, status) VALUES ('8538835a-df09-401c-98fc-fcd7b70ad3f7', 'ae18fb4a-907b-4f1f-9b80-b9cb84435578', 'adadef5a-21f3-484c-80a9-797d5ea368b0', '2026-03-04', 'PRESENT');
INSERT OR IGNORE INTO attendance (id, student_id, class_id, date, status) VALUES ('1af60003-7f3a-4bd9-86f8-96296e5e547b', '0cb93726-f7dc-4f21-819a-a2673cd5cdf5', 'adadef5a-21f3-484c-80a9-797d5ea368b0', '2026-03-05', 'PRESENT');
INSERT OR IGNORE INTO attendance (id, student_id, class_id, date, status) VALUES ('559728c7-8ca9-4d2c-8cd3-4e1cbc02f6d5', 'aee4c0c0-40f8-44b6-8eec-27691c31d111', 'adadef5a-21f3-484c-80a9-797d5ea368b0', '2026-03-05', 'ABSENT');
INSERT OR IGNORE INTO attendance (id, student_id, class_id, date, status) VALUES ('135cd420-19ec-4a0d-b232-ff24a4155443', 'd22eaca9-f406-412a-ac33-b75c824c988f', 'adadef5a-21f3-484c-80a9-797d5ea368b0', '2026-03-05', 'PRESENT');
INSERT OR IGNORE INTO attendance (id, student_id, class_id, date, status) VALUES ('b19bad2f-10c7-4243-92b3-b7e5b44ef152', 'ad0f51e6-cd24-4272-8be2-11527359888f', 'adadef5a-21f3-484c-80a9-797d5ea368b0', '2026-03-05', 'ABSENT');
INSERT OR IGNORE INTO attendance (id, student_id, class_id, date, status) VALUES ('a09d309a-2012-4752-b85a-2897c52e5477', 'bbe1fd35-961f-4083-a400-18024954b4e6', 'adadef5a-21f3-484c-80a9-797d5ea368b0', '2026-03-05', 'ABSENT');
INSERT OR IGNORE INTO attendance (id, student_id, class_id, date, status) VALUES ('eb03e99e-666d-4029-839d-bc76b2f83365', '1752a6d2-a4fd-492d-96ae-bda751b53de7', 'adadef5a-21f3-484c-80a9-797d5ea368b0', '2026-03-05', 'PRESENT');
INSERT OR IGNORE INTO attendance (id, student_id, class_id, date, status) VALUES ('0d624af6-a74d-41ff-ba6d-bc994837b094', '9f7b138b-2913-4d43-bcb2-140a4f3bb22f', 'adadef5a-21f3-484c-80a9-797d5ea368b0', '2026-03-05', 'PRESENT');
INSERT OR IGNORE INTO attendance (id, student_id, class_id, date, status) VALUES ('eb9d28c6-37c7-4864-9721-ebdb79b99cdf', 'a4392e07-7d7f-4656-96ae-8fe49c90d04f', 'adadef5a-21f3-484c-80a9-797d5ea368b0', '2026-03-05', 'PRESENT');
INSERT OR IGNORE INTO attendance (id, student_id, class_id, date, status) VALUES ('99d4c95d-5df1-4b55-b87b-91ef324599a5', '0a334d63-520d-43b3-84f6-64be329c0b2d', 'adadef5a-21f3-484c-80a9-797d5ea368b0', '2026-03-05', 'PRESENT');
INSERT OR IGNORE INTO attendance (id, student_id, class_id, date, status) VALUES ('7d94e3e7-f95f-46b5-ad9a-05a1a89e0775', '3ec8febf-8755-48be-8954-3d97ee048a89', 'adadef5a-21f3-484c-80a9-797d5ea368b0', '2026-03-05', 'PRESENT');
INSERT OR IGNORE INTO attendance (id, student_id, class_id, date, status) VALUES ('89d39d1a-33e2-411f-8b86-fa1d33bee70e', 'a4974079-c9ea-4b21-9a3e-56044f13b94a', 'adadef5a-21f3-484c-80a9-797d5ea368b0', '2026-03-05', 'ABSENT');
INSERT OR IGNORE INTO attendance (id, student_id, class_id, date, status) VALUES ('5dd8dae0-3025-49ad-968a-ab7db03e3519', 'ae18fb4a-907b-4f1f-9b80-b9cb84435578', 'adadef5a-21f3-484c-80a9-797d5ea368b0', '2026-03-05', 'PRESENT');
INSERT OR IGNORE INTO attendance (id, student_id, class_id, date, status) VALUES ('c4a84da7-8412-4ddc-9954-10dda08f9de8', '0cb93726-f7dc-4f21-819a-a2673cd5cdf5', 'adadef5a-21f3-484c-80a9-797d5ea368b0', '2026-03-06', 'PRESENT');
INSERT OR IGNORE INTO attendance (id, student_id, class_id, date, status) VALUES ('71538961-cd89-47bb-b33c-ce767b950e0a', 'aee4c0c0-40f8-44b6-8eec-27691c31d111', 'adadef5a-21f3-484c-80a9-797d5ea368b0', '2026-03-06', 'PRESENT');
INSERT OR IGNORE INTO attendance (id, student_id, class_id, date, status) VALUES ('bf7c64e4-8b7b-4cd2-80f8-fab1c8f5f2f7', 'd22eaca9-f406-412a-ac33-b75c824c988f', 'adadef5a-21f3-484c-80a9-797d5ea368b0', '2026-03-06', 'PRESENT');
INSERT OR IGNORE INTO attendance (id, student_id, class_id, date, status) VALUES ('a7ebb1af-e89c-43bb-b009-73e41828bdff', 'ad0f51e6-cd24-4272-8be2-11527359888f', 'adadef5a-21f3-484c-80a9-797d5ea368b0', '2026-03-06', 'PRESENT');
INSERT OR IGNORE INTO attendance (id, student_id, class_id, date, status) VALUES ('79a633a0-97f3-4dfe-ae84-5566bcba7138', 'bbe1fd35-961f-4083-a400-18024954b4e6', 'adadef5a-21f3-484c-80a9-797d5ea368b0', '2026-03-06', 'PRESENT');
INSERT OR IGNORE INTO attendance (id, student_id, class_id, date, status) VALUES ('bfd97404-d6c3-4758-be55-0fa98809cc39', '1752a6d2-a4fd-492d-96ae-bda751b53de7', 'adadef5a-21f3-484c-80a9-797d5ea368b0', '2026-03-06', 'PRESENT');
INSERT OR IGNORE INTO attendance (id, student_id, class_id, date, status) VALUES ('98d8352e-6ffd-466e-b5c3-060a620ff3c3', '9f7b138b-2913-4d43-bcb2-140a4f3bb22f', 'adadef5a-21f3-484c-80a9-797d5ea368b0', '2026-03-06', 'PRESENT');
INSERT OR IGNORE INTO attendance (id, student_id, class_id, date, status) VALUES ('b9c09155-1383-41ca-835e-e074d12f2f3f', 'a4392e07-7d7f-4656-96ae-8fe49c90d04f', 'adadef5a-21f3-484c-80a9-797d5ea368b0', '2026-03-06', 'PRESENT');
INSERT OR IGNORE INTO attendance (id, student_id, class_id, date, status) VALUES ('224c3877-8fbd-49ac-af23-9a8e5fcdcc7e', '0a334d63-520d-43b3-84f6-64be329c0b2d', 'adadef5a-21f3-484c-80a9-797d5ea368b0', '2026-03-06', 'PRESENT');
INSERT OR IGNORE INTO attendance (id, student_id, class_id, date, status) VALUES ('1ed18490-20e1-4255-b8bb-58facb44c464', '3ec8febf-8755-48be-8954-3d97ee048a89', 'adadef5a-21f3-484c-80a9-797d5ea368b0', '2026-03-06', 'PRESENT');
INSERT OR IGNORE INTO attendance (id, student_id, class_id, date, status) VALUES ('3bf626d1-630d-4f5f-829f-8c5a13b47874', 'a4974079-c9ea-4b21-9a3e-56044f13b94a', 'adadef5a-21f3-484c-80a9-797d5ea368b0', '2026-03-06', 'PRESENT');
INSERT OR IGNORE INTO attendance (id, student_id, class_id, date, status) VALUES ('888fbbb0-53b9-4730-897b-a61fa6427faf', 'ae18fb4a-907b-4f1f-9b80-b9cb84435578', 'adadef5a-21f3-484c-80a9-797d5ea368b0', '2026-03-06', 'ABSENT');
INSERT OR IGNORE INTO attendance (id, student_id, class_id, date, status) VALUES ('2516186b-6e90-4f36-9cfd-2d6835b17fbe', '0cb93726-f7dc-4f21-819a-a2673cd5cdf5', 'adadef5a-21f3-484c-80a9-797d5ea368b0', '2026-03-09', 'JUSTIFIED');
INSERT OR IGNORE INTO attendance (id, student_id, class_id, date, status) VALUES ('fe74d0bd-b01d-436f-a294-cd6a9290f321', 'aee4c0c0-40f8-44b6-8eec-27691c31d111', 'adadef5a-21f3-484c-80a9-797d5ea368b0', '2026-03-09', 'PRESENT');
INSERT OR IGNORE INTO attendance (id, student_id, class_id, date, status) VALUES ('3e9737e8-f4d7-4f8d-9c5a-bff89e93887c', 'd22eaca9-f406-412a-ac33-b75c824c988f', 'adadef5a-21f3-484c-80a9-797d5ea368b0', '2026-03-09', 'PRESENT');
INSERT OR IGNORE INTO attendance (id, student_id, class_id, date, status) VALUES ('2030671a-a539-4b98-b01c-85d11b2f6e26', 'ad0f51e6-cd24-4272-8be2-11527359888f', 'adadef5a-21f3-484c-80a9-797d5ea368b0', '2026-03-09', 'ABSENT');
INSERT OR IGNORE INTO attendance (id, student_id, class_id, date, status) VALUES ('fc78b873-dc99-483a-8586-73278d81dfd8', 'bbe1fd35-961f-4083-a400-18024954b4e6', 'adadef5a-21f3-484c-80a9-797d5ea368b0', '2026-03-09', 'PRESENT');
INSERT OR IGNORE INTO attendance (id, student_id, class_id, date, status) VALUES ('b5be0b8e-b355-4180-a461-a56b32e4e43c', '1752a6d2-a4fd-492d-96ae-bda751b53de7', 'adadef5a-21f3-484c-80a9-797d5ea368b0', '2026-03-09', 'PRESENT');
INSERT OR IGNORE INTO attendance (id, student_id, class_id, date, status) VALUES ('5938c28d-02a9-4224-b1b5-f8ab5802b2df', '9f7b138b-2913-4d43-bcb2-140a4f3bb22f', 'adadef5a-21f3-484c-80a9-797d5ea368b0', '2026-03-09', 'PRESENT');
INSERT OR IGNORE INTO attendance (id, student_id, class_id, date, status) VALUES ('c734381e-8188-4f9d-8d53-03b9148421c2', 'a4392e07-7d7f-4656-96ae-8fe49c90d04f', 'adadef5a-21f3-484c-80a9-797d5ea368b0', '2026-03-09', 'PRESENT');
INSERT OR IGNORE INTO attendance (id, student_id, class_id, date, status) VALUES ('2f8e7b7d-00b3-42ac-a237-51e029fa697e', '0a334d63-520d-43b3-84f6-64be329c0b2d', 'adadef5a-21f3-484c-80a9-797d5ea368b0', '2026-03-09', 'PRESENT');
INSERT OR IGNORE INTO attendance (id, student_id, class_id, date, status) VALUES ('ab177955-319d-4edf-8dd7-9ae1295a29da', '3ec8febf-8755-48be-8954-3d97ee048a89', 'adadef5a-21f3-484c-80a9-797d5ea368b0', '2026-03-09', 'PRESENT');
INSERT OR IGNORE INTO attendance (id, student_id, class_id, date, status) VALUES ('1d1d98f0-6b58-4804-946f-1e02bc8260f3', 'a4974079-c9ea-4b21-9a3e-56044f13b94a', 'adadef5a-21f3-484c-80a9-797d5ea368b0', '2026-03-09', 'PRESENT');
INSERT OR IGNORE INTO attendance (id, student_id, class_id, date, status) VALUES ('dbbf33f4-f59b-4314-82bd-e35168776c6c', 'ae18fb4a-907b-4f1f-9b80-b9cb84435578', 'adadef5a-21f3-484c-80a9-797d5ea368b0', '2026-03-09', 'PRESENT');
INSERT OR IGNORE INTO attendance (id, student_id, class_id, date, status) VALUES ('97df8a1c-87c2-4972-ad3a-261381daa42d', '0cb93726-f7dc-4f21-819a-a2673cd5cdf5', 'adadef5a-21f3-484c-80a9-797d5ea368b0', '2026-03-10', 'PRESENT');
INSERT OR IGNORE INTO attendance (id, student_id, class_id, date, status) VALUES ('112db78a-6c1f-4ca4-9de4-83a789f2980a', 'aee4c0c0-40f8-44b6-8eec-27691c31d111', 'adadef5a-21f3-484c-80a9-797d5ea368b0', '2026-03-10', 'PRESENT');
INSERT OR IGNORE INTO attendance (id, student_id, class_id, date, status) VALUES ('35837f37-8381-423a-9a36-12c072a44b78', 'd22eaca9-f406-412a-ac33-b75c824c988f', 'adadef5a-21f3-484c-80a9-797d5ea368b0', '2026-03-10', 'PRESENT');
INSERT OR IGNORE INTO attendance (id, student_id, class_id, date, status) VALUES ('795bf1e7-dc36-4fe2-bbac-17d88bf4970b', 'ad0f51e6-cd24-4272-8be2-11527359888f', 'adadef5a-21f3-484c-80a9-797d5ea368b0', '2026-03-10', 'PRESENT');
INSERT OR IGNORE INTO attendance (id, student_id, class_id, date, status) VALUES ('d3405ec5-3db1-41bf-9f29-9802533d9dca', 'bbe1fd35-961f-4083-a400-18024954b4e6', 'adadef5a-21f3-484c-80a9-797d5ea368b0', '2026-03-10', 'PRESENT');
INSERT OR IGNORE INTO attendance (id, student_id, class_id, date, status) VALUES ('7ea3bcd4-09ba-44c8-81a3-ae38054d3e04', '1752a6d2-a4fd-492d-96ae-bda751b53de7', 'adadef5a-21f3-484c-80a9-797d5ea368b0', '2026-03-10', 'PRESENT');
INSERT OR IGNORE INTO attendance (id, student_id, class_id, date, status) VALUES ('95fd1d99-e08b-469c-b34e-56d3ca29a59e', '9f7b138b-2913-4d43-bcb2-140a4f3bb22f', 'adadef5a-21f3-484c-80a9-797d5ea368b0', '2026-03-10', 'PRESENT');
INSERT OR IGNORE INTO attendance (id, student_id, class_id, date, status) VALUES ('7470c731-01e8-4546-8531-3ff3b7b7b1f3', 'a4392e07-7d7f-4656-96ae-8fe49c90d04f', 'adadef5a-21f3-484c-80a9-797d5ea368b0', '2026-03-10', 'PRESENT');
INSERT OR IGNORE INTO attendance (id, student_id, class_id, date, status) VALUES ('b5ac0c0e-c1b9-46f0-bfd2-2547502d3ce2', '0a334d63-520d-43b3-84f6-64be329c0b2d', 'adadef5a-21f3-484c-80a9-797d5ea368b0', '2026-03-10', 'PRESENT');
INSERT OR IGNORE INTO attendance (id, student_id, class_id, date, status) VALUES ('1bc364d2-1aa0-4b87-b84e-d461a5879374', '3ec8febf-8755-48be-8954-3d97ee048a89', 'adadef5a-21f3-484c-80a9-797d5ea368b0', '2026-03-10', 'PRESENT');
INSERT OR IGNORE INTO attendance (id, student_id, class_id, date, status) VALUES ('831cf766-a384-48cd-867e-307cdf8abe98', 'a4974079-c9ea-4b21-9a3e-56044f13b94a', 'adadef5a-21f3-484c-80a9-797d5ea368b0', '2026-03-10', 'PRESENT');
INSERT OR IGNORE INTO attendance (id, student_id, class_id, date, status) VALUES ('008b049e-7761-4bc4-a657-ac03c9a7b510', 'ae18fb4a-907b-4f1f-9b80-b9cb84435578', 'adadef5a-21f3-484c-80a9-797d5ea368b0', '2026-03-10', 'PRESENT');
INSERT OR IGNORE INTO attendance (id, student_id, class_id, date, status) VALUES ('9cc390f7-dfc9-4530-ad66-674a7527779a', '0cb93726-f7dc-4f21-819a-a2673cd5cdf5', 'adadef5a-21f3-484c-80a9-797d5ea368b0', '2026-03-11', 'JUSTIFIED');
INSERT OR IGNORE INTO attendance (id, student_id, class_id, date, status) VALUES ('ac2effba-4392-45ad-9c4d-65d30d431411', 'aee4c0c0-40f8-44b6-8eec-27691c31d111', 'adadef5a-21f3-484c-80a9-797d5ea368b0', '2026-03-11', 'PRESENT');
INSERT OR IGNORE INTO attendance (id, student_id, class_id, date, status) VALUES ('8a958d77-7fce-4a33-b04c-3c76f8493f00', 'd22eaca9-f406-412a-ac33-b75c824c988f', 'adadef5a-21f3-484c-80a9-797d5ea368b0', '2026-03-11', 'ABSENT');
INSERT OR IGNORE INTO attendance (id, student_id, class_id, date, status) VALUES ('c0c2f64c-4213-45ea-980c-e33e021953ee', 'ad0f51e6-cd24-4272-8be2-11527359888f', 'adadef5a-21f3-484c-80a9-797d5ea368b0', '2026-03-11', 'PRESENT');
INSERT OR IGNORE INTO attendance (id, student_id, class_id, date, status) VALUES ('983895d3-9de9-40b2-afa7-017412401dd0', 'bbe1fd35-961f-4083-a400-18024954b4e6', 'adadef5a-21f3-484c-80a9-797d5ea368b0', '2026-03-11', 'PRESENT');
INSERT OR IGNORE INTO attendance (id, student_id, class_id, date, status) VALUES ('5e2240b3-bb59-46fc-bd7a-a27b1d15d7d7', '1752a6d2-a4fd-492d-96ae-bda751b53de7', 'adadef5a-21f3-484c-80a9-797d5ea368b0', '2026-03-11', 'JUSTIFIED');
INSERT OR IGNORE INTO attendance (id, student_id, class_id, date, status) VALUES ('147d1a4a-d50d-430c-880a-98b06b07404b', '9f7b138b-2913-4d43-bcb2-140a4f3bb22f', 'adadef5a-21f3-484c-80a9-797d5ea368b0', '2026-03-11', 'PRESENT');
INSERT OR IGNORE INTO attendance (id, student_id, class_id, date, status) VALUES ('a86d79e5-096f-4b82-9a68-99be0b673aed', 'a4392e07-7d7f-4656-96ae-8fe49c90d04f', 'adadef5a-21f3-484c-80a9-797d5ea368b0', '2026-03-11', 'PRESENT');
INSERT OR IGNORE INTO attendance (id, student_id, class_id, date, status) VALUES ('a20c9380-c637-4470-8030-86d80ffb7d01', '0a334d63-520d-43b3-84f6-64be329c0b2d', 'adadef5a-21f3-484c-80a9-797d5ea368b0', '2026-03-11', 'JUSTIFIED');
INSERT OR IGNORE INTO attendance (id, student_id, class_id, date, status) VALUES ('02b74903-c295-4a84-8f1f-cd706dc927c5', '3ec8febf-8755-48be-8954-3d97ee048a89', 'adadef5a-21f3-484c-80a9-797d5ea368b0', '2026-03-11', 'PRESENT');
INSERT OR IGNORE INTO attendance (id, student_id, class_id, date, status) VALUES ('6c5e14a3-afbe-4fe7-9164-cc6c6829d242', 'a4974079-c9ea-4b21-9a3e-56044f13b94a', 'adadef5a-21f3-484c-80a9-797d5ea368b0', '2026-03-11', 'ABSENT');
INSERT OR IGNORE INTO attendance (id, student_id, class_id, date, status) VALUES ('bcba8109-2ae9-4267-abe1-d77ca48fab66', 'ae18fb4a-907b-4f1f-9b80-b9cb84435578', 'adadef5a-21f3-484c-80a9-797d5ea368b0', '2026-03-11', 'PRESENT');
INSERT OR IGNORE INTO attendance (id, student_id, class_id, date, status) VALUES ('6742beac-316b-4a6a-b6a1-68c9bb9258d9', '0cb93726-f7dc-4f21-819a-a2673cd5cdf5', 'adadef5a-21f3-484c-80a9-797d5ea368b0', '2026-03-12', 'PRESENT');
INSERT OR IGNORE INTO attendance (id, student_id, class_id, date, status) VALUES ('c38d5fc7-5ca3-484c-a40e-2dead77683e1', 'aee4c0c0-40f8-44b6-8eec-27691c31d111', 'adadef5a-21f3-484c-80a9-797d5ea368b0', '2026-03-12', 'PRESENT');
INSERT OR IGNORE INTO attendance (id, student_id, class_id, date, status) VALUES ('67373099-de06-4b5b-87fa-37affb12ba69', 'd22eaca9-f406-412a-ac33-b75c824c988f', 'adadef5a-21f3-484c-80a9-797d5ea368b0', '2026-03-12', 'ABSENT');
INSERT OR IGNORE INTO attendance (id, student_id, class_id, date, status) VALUES ('76c98722-dca5-44f4-97ab-862a63827506', 'ad0f51e6-cd24-4272-8be2-11527359888f', 'adadef5a-21f3-484c-80a9-797d5ea368b0', '2026-03-12', 'PRESENT');
INSERT OR IGNORE INTO attendance (id, student_id, class_id, date, status) VALUES ('20fb2df5-bf77-4982-8ffe-fd43a0b22645', 'bbe1fd35-961f-4083-a400-18024954b4e6', 'adadef5a-21f3-484c-80a9-797d5ea368b0', '2026-03-12', 'ABSENT');
INSERT OR IGNORE INTO attendance (id, student_id, class_id, date, status) VALUES ('afa88f64-5157-4df2-878c-c7540fd5c54c', '1752a6d2-a4fd-492d-96ae-bda751b53de7', 'adadef5a-21f3-484c-80a9-797d5ea368b0', '2026-03-12', 'PRESENT');
INSERT OR IGNORE INTO attendance (id, student_id, class_id, date, status) VALUES ('91dc0859-525f-43e5-b18d-c3e8af6b6a82', '9f7b138b-2913-4d43-bcb2-140a4f3bb22f', 'adadef5a-21f3-484c-80a9-797d5ea368b0', '2026-03-12', 'PRESENT');
INSERT OR IGNORE INTO attendance (id, student_id, class_id, date, status) VALUES ('2a6c3e53-8814-49d1-98b0-b4147d0f46b2', 'a4392e07-7d7f-4656-96ae-8fe49c90d04f', 'adadef5a-21f3-484c-80a9-797d5ea368b0', '2026-03-12', 'PRESENT');
INSERT OR IGNORE INTO attendance (id, student_id, class_id, date, status) VALUES ('d12cb20c-a34a-4ed9-9458-957666c041bb', '0a334d63-520d-43b3-84f6-64be329c0b2d', 'adadef5a-21f3-484c-80a9-797d5ea368b0', '2026-03-12', 'JUSTIFIED');
INSERT OR IGNORE INTO attendance (id, student_id, class_id, date, status) VALUES ('74d6382a-175f-4104-af95-238bfaca975f', '3ec8febf-8755-48be-8954-3d97ee048a89', 'adadef5a-21f3-484c-80a9-797d5ea368b0', '2026-03-12', 'PRESENT');
INSERT OR IGNORE INTO attendance (id, student_id, class_id, date, status) VALUES ('c2f0e450-52f2-4fba-9da7-62dcedff9aba', 'a4974079-c9ea-4b21-9a3e-56044f13b94a', 'adadef5a-21f3-484c-80a9-797d5ea368b0', '2026-03-12', 'PRESENT');
INSERT OR IGNORE INTO attendance (id, student_id, class_id, date, status) VALUES ('5f501c1b-cd79-4d44-8fbe-721fe4323429', 'ae18fb4a-907b-4f1f-9b80-b9cb84435578', 'adadef5a-21f3-484c-80a9-797d5ea368b0', '2026-03-12', 'PRESENT');
INSERT OR IGNORE INTO classes (id, name, grade, professor_id) VALUES ('9e4c84b2-a5c7-45e6-a910-634f796f27a4', 'Aula de ejemplo 2', '2do|A', '12938005-46cc-4414-a4b2-426744c2ba50');
INSERT OR IGNORE INTO students (id, name, class_id) VALUES ('edc572c1-c1eb-4402-a6ff-eda9cb9eb919', 'Luis Vargas', '9e4c84b2-a5c7-45e6-a910-634f796f27a4');
INSERT OR IGNORE INTO students (id, name, class_id) VALUES ('ef20e7df-158f-4654-ade6-c61895a7ccc2', 'Lucía Sánchez', '9e4c84b2-a5c7-45e6-a910-634f796f27a4');
INSERT OR IGNORE INTO students (id, name, class_id) VALUES ('0c4c74a8-7777-43f0-a65d-af13a789c642', 'Sofía López', '9e4c84b2-a5c7-45e6-a910-634f796f27a4');
INSERT OR IGNORE INTO students (id, name, class_id) VALUES ('570aaa04-49c8-4748-af44-f6af40b401b8', 'Lucía Fernández', '9e4c84b2-a5c7-45e6-a910-634f796f27a4');
INSERT OR IGNORE INTO students (id, name, class_id) VALUES ('727b314c-c6d8-4d25-9ad9-f93366757232', 'Miguel Morales', '9e4c84b2-a5c7-45e6-a910-634f796f27a4');
INSERT OR IGNORE INTO students (id, name, class_id) VALUES ('8f017adb-3fc1-4398-8974-ec930ddd3b14', 'Marta Ruiz', '9e4c84b2-a5c7-45e6-a910-634f796f27a4');
INSERT OR IGNORE INTO students (id, name, class_id) VALUES ('a9e5e237-a981-49ec-b523-96b9293e4b04', 'Pablo Pérez', '9e4c84b2-a5c7-45e6-a910-634f796f27a4');
INSERT OR IGNORE INTO students (id, name, class_id) VALUES ('30d569e0-f9b8-4f2a-898b-943c967c19b9', 'Ana Ruiz', '9e4c84b2-a5c7-45e6-a910-634f796f27a4');
INSERT OR IGNORE INTO students (id, name, class_id) VALUES ('2e1c22e5-3e97-4769-a2db-28bd9f35f997', 'Daniel Fernández', '9e4c84b2-a5c7-45e6-a910-634f796f27a4');
INSERT OR IGNORE INTO students (id, name, class_id) VALUES ('3e722934-a636-4619-b556-a558b1f7ad4e', 'Sofía Morales', '9e4c84b2-a5c7-45e6-a910-634f796f27a4');
INSERT OR IGNORE INTO students (id, name, class_id) VALUES ('c2be39b5-df62-4edb-a693-71bad493cd9a', 'Miguel Ramírez', '9e4c84b2-a5c7-45e6-a910-634f796f27a4');
INSERT OR IGNORE INTO students (id, name, class_id) VALUES ('af4d0eb8-be44-4fe9-ad08-4bc8430118d8', 'María Jiménez', '9e4c84b2-a5c7-45e6-a910-634f796f27a4');
INSERT OR IGNORE INTO attendance (id, student_id, class_id, date, status) VALUES ('24dad4f0-1dca-4351-9376-1f5ed8d073cb', 'edc572c1-c1eb-4402-a6ff-eda9cb9eb919', '9e4c84b2-a5c7-45e6-a910-634f796f27a4', '2026-03-02', 'ABSENT');
INSERT OR IGNORE INTO attendance (id, student_id, class_id, date, status) VALUES ('3c0e02fa-bbb7-4c2a-9739-49950b053abf', 'ef20e7df-158f-4654-ade6-c61895a7ccc2', '9e4c84b2-a5c7-45e6-a910-634f796f27a4', '2026-03-02', 'PRESENT');
INSERT OR IGNORE INTO attendance (id, student_id, class_id, date, status) VALUES ('691f4843-e278-4e36-bc52-9ba9b37db148', '0c4c74a8-7777-43f0-a65d-af13a789c642', '9e4c84b2-a5c7-45e6-a910-634f796f27a4', '2026-03-02', 'PRESENT');
INSERT OR IGNORE INTO attendance (id, student_id, class_id, date, status) VALUES ('b67a082a-0630-461f-839a-e8bdfeabeb8c', '570aaa04-49c8-4748-af44-f6af40b401b8', '9e4c84b2-a5c7-45e6-a910-634f796f27a4', '2026-03-02', 'PRESENT');
INSERT OR IGNORE INTO attendance (id, student_id, class_id, date, status) VALUES ('735e91ca-382a-49a3-803c-cb29b8d1294e', '727b314c-c6d8-4d25-9ad9-f93366757232', '9e4c84b2-a5c7-45e6-a910-634f796f27a4', '2026-03-02', 'PRESENT');
INSERT OR IGNORE INTO attendance (id, student_id, class_id, date, status) VALUES ('2a61e666-5c07-4985-b026-e1681fa834c7', '8f017adb-3fc1-4398-8974-ec930ddd3b14', '9e4c84b2-a5c7-45e6-a910-634f796f27a4', '2026-03-02', 'PRESENT');
INSERT OR IGNORE INTO attendance (id, student_id, class_id, date, status) VALUES ('069fa532-2b9c-4ed4-a30d-70d312ec64e9', 'a9e5e237-a981-49ec-b523-96b9293e4b04', '9e4c84b2-a5c7-45e6-a910-634f796f27a4', '2026-03-02', 'JUSTIFIED');
INSERT OR IGNORE INTO attendance (id, student_id, class_id, date, status) VALUES ('04e6273b-93c8-45c5-ac32-d5222002e8d7', '30d569e0-f9b8-4f2a-898b-943c967c19b9', '9e4c84b2-a5c7-45e6-a910-634f796f27a4', '2026-03-02', 'PRESENT');
INSERT OR IGNORE INTO attendance (id, student_id, class_id, date, status) VALUES ('1c46e1f7-a5c3-4b26-aa3d-a8bafa834d1b', '2e1c22e5-3e97-4769-a2db-28bd9f35f997', '9e4c84b2-a5c7-45e6-a910-634f796f27a4', '2026-03-02', 'ABSENT');
INSERT OR IGNORE INTO attendance (id, student_id, class_id, date, status) VALUES ('856b14bb-60a7-45d9-bb89-9c377d802482', '3e722934-a636-4619-b556-a558b1f7ad4e', '9e4c84b2-a5c7-45e6-a910-634f796f27a4', '2026-03-02', 'PRESENT');
INSERT OR IGNORE INTO attendance (id, student_id, class_id, date, status) VALUES ('7fec14d3-e7f9-4414-8b53-04588fd42541', 'c2be39b5-df62-4edb-a693-71bad493cd9a', '9e4c84b2-a5c7-45e6-a910-634f796f27a4', '2026-03-02', 'PRESENT');
INSERT OR IGNORE INTO attendance (id, student_id, class_id, date, status) VALUES ('f36d3bec-2408-4d25-a72b-af8e0c7d902c', 'af4d0eb8-be44-4fe9-ad08-4bc8430118d8', '9e4c84b2-a5c7-45e6-a910-634f796f27a4', '2026-03-02', 'PRESENT');
INSERT OR IGNORE INTO attendance (id, student_id, class_id, date, status) VALUES ('a62fdffe-245a-4b84-8dca-a8903cea3663', 'edc572c1-c1eb-4402-a6ff-eda9cb9eb919', '9e4c84b2-a5c7-45e6-a910-634f796f27a4', '2026-03-03', 'PRESENT');
INSERT OR IGNORE INTO attendance (id, student_id, class_id, date, status) VALUES ('c91b7d1d-0a04-46d9-a51c-ebe60a84a967', 'ef20e7df-158f-4654-ade6-c61895a7ccc2', '9e4c84b2-a5c7-45e6-a910-634f796f27a4', '2026-03-03', 'PRESENT');
INSERT OR IGNORE INTO attendance (id, student_id, class_id, date, status) VALUES ('755da6dc-67e9-402e-9f8a-63321bc7c5b9', '0c4c74a8-7777-43f0-a65d-af13a789c642', '9e4c84b2-a5c7-45e6-a910-634f796f27a4', '2026-03-03', 'PRESENT');
INSERT OR IGNORE INTO attendance (id, student_id, class_id, date, status) VALUES ('70078e36-aad7-47dc-a8a4-5d1a6362cb06', '570aaa04-49c8-4748-af44-f6af40b401b8', '9e4c84b2-a5c7-45e6-a910-634f796f27a4', '2026-03-03', 'PRESENT');
INSERT OR IGNORE INTO attendance (id, student_id, class_id, date, status) VALUES ('7d3d9ebb-831d-4ad3-840b-3f75be4752bd', '727b314c-c6d8-4d25-9ad9-f93366757232', '9e4c84b2-a5c7-45e6-a910-634f796f27a4', '2026-03-03', 'PRESENT');
INSERT OR IGNORE INTO attendance (id, student_id, class_id, date, status) VALUES ('fa7ad24c-db60-4d70-8b0a-3bed4002df75', '8f017adb-3fc1-4398-8974-ec930ddd3b14', '9e4c84b2-a5c7-45e6-a910-634f796f27a4', '2026-03-03', 'PRESENT');
INSERT OR IGNORE INTO attendance (id, student_id, class_id, date, status) VALUES ('4e8af575-8255-45b6-8f61-1a93e1721abc', 'a9e5e237-a981-49ec-b523-96b9293e4b04', '9e4c84b2-a5c7-45e6-a910-634f796f27a4', '2026-03-03', 'ABSENT');
INSERT OR IGNORE INTO attendance (id, student_id, class_id, date, status) VALUES ('4205f871-cb52-4981-ad92-c50bade48078', '30d569e0-f9b8-4f2a-898b-943c967c19b9', '9e4c84b2-a5c7-45e6-a910-634f796f27a4', '2026-03-03', 'PRESENT');
INSERT OR IGNORE INTO attendance (id, student_id, class_id, date, status) VALUES ('12b51540-0a41-4b85-84cb-b518c114e3c1', '2e1c22e5-3e97-4769-a2db-28bd9f35f997', '9e4c84b2-a5c7-45e6-a910-634f796f27a4', '2026-03-03', 'PRESENT');
INSERT OR IGNORE INTO attendance (id, student_id, class_id, date, status) VALUES ('0164b638-13d0-4b5a-b850-64448a41d175', '3e722934-a636-4619-b556-a558b1f7ad4e', '9e4c84b2-a5c7-45e6-a910-634f796f27a4', '2026-03-03', 'PRESENT');
INSERT OR IGNORE INTO attendance (id, student_id, class_id, date, status) VALUES ('1e5d207c-87c8-4363-88c1-f0fb25400b55', 'c2be39b5-df62-4edb-a693-71bad493cd9a', '9e4c84b2-a5c7-45e6-a910-634f796f27a4', '2026-03-03', 'PRESENT');
INSERT OR IGNORE INTO attendance (id, student_id, class_id, date, status) VALUES ('d099898b-e3e5-47a4-ace0-9068c63e7a92', 'af4d0eb8-be44-4fe9-ad08-4bc8430118d8', '9e4c84b2-a5c7-45e6-a910-634f796f27a4', '2026-03-03', 'PRESENT');
INSERT OR IGNORE INTO attendance (id, student_id, class_id, date, status) VALUES ('012d1f6f-2c2b-4c9f-a0ee-0e44d308636a', 'edc572c1-c1eb-4402-a6ff-eda9cb9eb919', '9e4c84b2-a5c7-45e6-a910-634f796f27a4', '2026-03-04', 'PRESENT');
INSERT OR IGNORE INTO attendance (id, student_id, class_id, date, status) VALUES ('55294880-81e7-4b7e-a243-b93603fde1b1', 'ef20e7df-158f-4654-ade6-c61895a7ccc2', '9e4c84b2-a5c7-45e6-a910-634f796f27a4', '2026-03-04', 'PRESENT');
INSERT OR IGNORE INTO attendance (id, student_id, class_id, date, status) VALUES ('448e2af3-b40a-466b-9dc5-3b607e38fdc1', '0c4c74a8-7777-43f0-a65d-af13a789c642', '9e4c84b2-a5c7-45e6-a910-634f796f27a4', '2026-03-04', 'JUSTIFIED');
INSERT OR IGNORE INTO attendance (id, student_id, class_id, date, status) VALUES ('931252b1-719c-4a4c-8e33-cf43b6964b13', '570aaa04-49c8-4748-af44-f6af40b401b8', '9e4c84b2-a5c7-45e6-a910-634f796f27a4', '2026-03-04', 'PRESENT');
INSERT OR IGNORE INTO attendance (id, student_id, class_id, date, status) VALUES ('f3315a09-6730-4b38-ade4-617d5e40dac9', '727b314c-c6d8-4d25-9ad9-f93366757232', '9e4c84b2-a5c7-45e6-a910-634f796f27a4', '2026-03-04', 'PRESENT');
INSERT OR IGNORE INTO attendance (id, student_id, class_id, date, status) VALUES ('1888cd4f-6595-4125-a23d-779bf6387cb3', '8f017adb-3fc1-4398-8974-ec930ddd3b14', '9e4c84b2-a5c7-45e6-a910-634f796f27a4', '2026-03-04', 'PRESENT');
INSERT OR IGNORE INTO attendance (id, student_id, class_id, date, status) VALUES ('7e967d82-213f-462d-8d16-58dc43137914', 'a9e5e237-a981-49ec-b523-96b9293e4b04', '9e4c84b2-a5c7-45e6-a910-634f796f27a4', '2026-03-04', 'PRESENT');
INSERT OR IGNORE INTO attendance (id, student_id, class_id, date, status) VALUES ('812ac383-4713-4883-bd97-82700453fee5', '30d569e0-f9b8-4f2a-898b-943c967c19b9', '9e4c84b2-a5c7-45e6-a910-634f796f27a4', '2026-03-04', 'ABSENT');
INSERT OR IGNORE INTO attendance (id, student_id, class_id, date, status) VALUES ('41d0b907-521a-49e0-8eee-a193c537094c', '2e1c22e5-3e97-4769-a2db-28bd9f35f997', '9e4c84b2-a5c7-45e6-a910-634f796f27a4', '2026-03-04', 'PRESENT');
INSERT OR IGNORE INTO attendance (id, student_id, class_id, date, status) VALUES ('d2ccf4da-b3cb-460a-a2dd-c326393ee3c6', '3e722934-a636-4619-b556-a558b1f7ad4e', '9e4c84b2-a5c7-45e6-a910-634f796f27a4', '2026-03-04', 'PRESENT');
INSERT OR IGNORE INTO attendance (id, student_id, class_id, date, status) VALUES ('2b172e1b-a307-4c7d-81e7-88baefda6e21', 'c2be39b5-df62-4edb-a693-71bad493cd9a', '9e4c84b2-a5c7-45e6-a910-634f796f27a4', '2026-03-04', 'PRESENT');
INSERT OR IGNORE INTO attendance (id, student_id, class_id, date, status) VALUES ('91d205eb-586b-4065-b603-c76f6c1b578c', 'af4d0eb8-be44-4fe9-ad08-4bc8430118d8', '9e4c84b2-a5c7-45e6-a910-634f796f27a4', '2026-03-04', 'PRESENT');
INSERT OR IGNORE INTO attendance (id, student_id, class_id, date, status) VALUES ('3fb814d5-582c-450c-96bb-3da45d63eba4', 'edc572c1-c1eb-4402-a6ff-eda9cb9eb919', '9e4c84b2-a5c7-45e6-a910-634f796f27a4', '2026-03-05', 'PRESENT');
INSERT OR IGNORE INTO attendance (id, student_id, class_id, date, status) VALUES ('2326003c-c280-4471-a4cb-36270e98cea5', 'ef20e7df-158f-4654-ade6-c61895a7ccc2', '9e4c84b2-a5c7-45e6-a910-634f796f27a4', '2026-03-05', 'ABSENT');
INSERT OR IGNORE INTO attendance (id, student_id, class_id, date, status) VALUES ('089d742b-44a5-4bfc-b430-51e8f26fa41e', '0c4c74a8-7777-43f0-a65d-af13a789c642', '9e4c84b2-a5c7-45e6-a910-634f796f27a4', '2026-03-05', 'PRESENT');
INSERT OR IGNORE INTO attendance (id, student_id, class_id, date, status) VALUES ('e32c2445-dee9-4efe-89c7-5a6957c490cb', '570aaa04-49c8-4748-af44-f6af40b401b8', '9e4c84b2-a5c7-45e6-a910-634f796f27a4', '2026-03-05', 'ABSENT');
INSERT OR IGNORE INTO attendance (id, student_id, class_id, date, status) VALUES ('062cdafa-1718-4212-b69e-bc9218242fbb', '727b314c-c6d8-4d25-9ad9-f93366757232', '9e4c84b2-a5c7-45e6-a910-634f796f27a4', '2026-03-05', 'ABSENT');
INSERT OR IGNORE INTO attendance (id, student_id, class_id, date, status) VALUES ('5f7bf80a-b16f-46db-a1e4-585536927c93', '8f017adb-3fc1-4398-8974-ec930ddd3b14', '9e4c84b2-a5c7-45e6-a910-634f796f27a4', '2026-03-05', 'PRESENT');
INSERT OR IGNORE INTO attendance (id, student_id, class_id, date, status) VALUES ('b6f0d8c5-bc79-4c7a-a859-a9bf9e55d0b4', 'a9e5e237-a981-49ec-b523-96b9293e4b04', '9e4c84b2-a5c7-45e6-a910-634f796f27a4', '2026-03-05', 'ABSENT');
INSERT OR IGNORE INTO attendance (id, student_id, class_id, date, status) VALUES ('3c127bb6-210a-41c1-b412-686685bc43ff', '30d569e0-f9b8-4f2a-898b-943c967c19b9', '9e4c84b2-a5c7-45e6-a910-634f796f27a4', '2026-03-05', 'PRESENT');
INSERT OR IGNORE INTO attendance (id, student_id, class_id, date, status) VALUES ('6f5b2987-c5df-48f6-a483-c501fec5c241', '2e1c22e5-3e97-4769-a2db-28bd9f35f997', '9e4c84b2-a5c7-45e6-a910-634f796f27a4', '2026-03-05', 'JUSTIFIED');
INSERT OR IGNORE INTO attendance (id, student_id, class_id, date, status) VALUES ('3f61ba90-6df7-4877-9a81-25e0b74c7dc1', '3e722934-a636-4619-b556-a558b1f7ad4e', '9e4c84b2-a5c7-45e6-a910-634f796f27a4', '2026-03-05', 'PRESENT');
INSERT OR IGNORE INTO attendance (id, student_id, class_id, date, status) VALUES ('15e28771-4e69-4bd7-a612-d41379dc00c8', 'c2be39b5-df62-4edb-a693-71bad493cd9a', '9e4c84b2-a5c7-45e6-a910-634f796f27a4', '2026-03-05', 'PRESENT');
INSERT OR IGNORE INTO attendance (id, student_id, class_id, date, status) VALUES ('b91dba09-9a07-461a-bad1-ce24d2ba82a0', 'af4d0eb8-be44-4fe9-ad08-4bc8430118d8', '9e4c84b2-a5c7-45e6-a910-634f796f27a4', '2026-03-05', 'PRESENT');
INSERT OR IGNORE INTO attendance (id, student_id, class_id, date, status) VALUES ('b84fd51e-2370-493f-9e9e-20d27e26c298', 'edc572c1-c1eb-4402-a6ff-eda9cb9eb919', '9e4c84b2-a5c7-45e6-a910-634f796f27a4', '2026-03-06', 'ABSENT');
INSERT OR IGNORE INTO attendance (id, student_id, class_id, date, status) VALUES ('bcdcb13f-6d72-4cb2-8b31-bf1f41719615', 'ef20e7df-158f-4654-ade6-c61895a7ccc2', '9e4c84b2-a5c7-45e6-a910-634f796f27a4', '2026-03-06', 'PRESENT');
INSERT OR IGNORE INTO attendance (id, student_id, class_id, date, status) VALUES ('85e69e23-64a5-409a-836c-3d27ddd7d959', '0c4c74a8-7777-43f0-a65d-af13a789c642', '9e4c84b2-a5c7-45e6-a910-634f796f27a4', '2026-03-06', 'PRESENT');
INSERT OR IGNORE INTO attendance (id, student_id, class_id, date, status) VALUES ('2b68c4e7-22b5-4812-af2c-652d11ca7a21', '570aaa04-49c8-4748-af44-f6af40b401b8', '9e4c84b2-a5c7-45e6-a910-634f796f27a4', '2026-03-06', 'PRESENT');
INSERT OR IGNORE INTO attendance (id, student_id, class_id, date, status) VALUES ('cc6319b0-d794-46be-a31c-4061924de3c7', '727b314c-c6d8-4d25-9ad9-f93366757232', '9e4c84b2-a5c7-45e6-a910-634f796f27a4', '2026-03-06', 'PRESENT');
INSERT OR IGNORE INTO attendance (id, student_id, class_id, date, status) VALUES ('576f2913-a349-43b9-9d78-0bcac73c0db4', '8f017adb-3fc1-4398-8974-ec930ddd3b14', '9e4c84b2-a5c7-45e6-a910-634f796f27a4', '2026-03-06', 'PRESENT');
INSERT OR IGNORE INTO attendance (id, student_id, class_id, date, status) VALUES ('450b09c1-20df-4265-aa2f-fa6e05826e46', 'a9e5e237-a981-49ec-b523-96b9293e4b04', '9e4c84b2-a5c7-45e6-a910-634f796f27a4', '2026-03-06', 'PRESENT');
INSERT OR IGNORE INTO attendance (id, student_id, class_id, date, status) VALUES ('cdc84a94-c8b8-4739-8e92-23e996639fe7', '30d569e0-f9b8-4f2a-898b-943c967c19b9', '9e4c84b2-a5c7-45e6-a910-634f796f27a4', '2026-03-06', 'ABSENT');
INSERT OR IGNORE INTO attendance (id, student_id, class_id, date, status) VALUES ('2c94c1f9-a4ae-40b3-a8ac-2d50e07bfd5a', '2e1c22e5-3e97-4769-a2db-28bd9f35f997', '9e4c84b2-a5c7-45e6-a910-634f796f27a4', '2026-03-06', 'PRESENT');
INSERT OR IGNORE INTO attendance (id, student_id, class_id, date, status) VALUES ('b1c0a8c4-2c59-44e8-ad42-44334a0cc801', '3e722934-a636-4619-b556-a558b1f7ad4e', '9e4c84b2-a5c7-45e6-a910-634f796f27a4', '2026-03-06', 'PRESENT');
INSERT OR IGNORE INTO attendance (id, student_id, class_id, date, status) VALUES ('3f3737d8-a59c-4b2d-ad0d-e18410d555a1', 'c2be39b5-df62-4edb-a693-71bad493cd9a', '9e4c84b2-a5c7-45e6-a910-634f796f27a4', '2026-03-06', 'PRESENT');
INSERT OR IGNORE INTO attendance (id, student_id, class_id, date, status) VALUES ('e158de9d-23d6-4c5e-96f3-a1bd60cf9d96', 'af4d0eb8-be44-4fe9-ad08-4bc8430118d8', '9e4c84b2-a5c7-45e6-a910-634f796f27a4', '2026-03-06', 'PRESENT');
INSERT OR IGNORE INTO attendance (id, student_id, class_id, date, status) VALUES ('fb753237-80bd-453e-a69b-a7b82088aba3', 'edc572c1-c1eb-4402-a6ff-eda9cb9eb919', '9e4c84b2-a5c7-45e6-a910-634f796f27a4', '2026-03-09', 'PRESENT');
INSERT OR IGNORE INTO attendance (id, student_id, class_id, date, status) VALUES ('943de984-dcab-45e8-b690-ef2b13e305a3', 'ef20e7df-158f-4654-ade6-c61895a7ccc2', '9e4c84b2-a5c7-45e6-a910-634f796f27a4', '2026-03-09', 'PRESENT');
INSERT OR IGNORE INTO attendance (id, student_id, class_id, date, status) VALUES ('26a93ec7-2e53-4533-b0f1-e57115b1eb48', '0c4c74a8-7777-43f0-a65d-af13a789c642', '9e4c84b2-a5c7-45e6-a910-634f796f27a4', '2026-03-09', 'PRESENT');
INSERT OR IGNORE INTO attendance (id, student_id, class_id, date, status) VALUES ('f736c867-3a60-4061-aa76-b0a51e986b3d', '570aaa04-49c8-4748-af44-f6af40b401b8', '9e4c84b2-a5c7-45e6-a910-634f796f27a4', '2026-03-09', 'PRESENT');
INSERT OR IGNORE INTO attendance (id, student_id, class_id, date, status) VALUES ('229155d3-c4f8-4515-98e1-18c2ea7a2b70', '727b314c-c6d8-4d25-9ad9-f93366757232', '9e4c84b2-a5c7-45e6-a910-634f796f27a4', '2026-03-09', 'PRESENT');
INSERT OR IGNORE INTO attendance (id, student_id, class_id, date, status) VALUES ('7c8381d1-1fd8-4caa-89d5-4991efa03b0c', '8f017adb-3fc1-4398-8974-ec930ddd3b14', '9e4c84b2-a5c7-45e6-a910-634f796f27a4', '2026-03-09', 'PRESENT');
INSERT OR IGNORE INTO attendance (id, student_id, class_id, date, status) VALUES ('85c4f687-03ed-4913-a333-869928015f20', 'a9e5e237-a981-49ec-b523-96b9293e4b04', '9e4c84b2-a5c7-45e6-a910-634f796f27a4', '2026-03-09', 'PRESENT');
INSERT OR IGNORE INTO attendance (id, student_id, class_id, date, status) VALUES ('6370d8b2-b0a5-4242-aea3-75d7cbc81d16', '30d569e0-f9b8-4f2a-898b-943c967c19b9', '9e4c84b2-a5c7-45e6-a910-634f796f27a4', '2026-03-09', 'PRESENT');
INSERT OR IGNORE INTO attendance (id, student_id, class_id, date, status) VALUES ('4aa0ab89-17a3-4b6d-9f5b-bc4a1c8b00e0', '2e1c22e5-3e97-4769-a2db-28bd9f35f997', '9e4c84b2-a5c7-45e6-a910-634f796f27a4', '2026-03-09', 'JUSTIFIED');
INSERT OR IGNORE INTO attendance (id, student_id, class_id, date, status) VALUES ('bad68e77-873f-4315-bae9-a19a69af05ae', '3e722934-a636-4619-b556-a558b1f7ad4e', '9e4c84b2-a5c7-45e6-a910-634f796f27a4', '2026-03-09', 'PRESENT');
INSERT OR IGNORE INTO attendance (id, student_id, class_id, date, status) VALUES ('00da3c93-b1c5-4492-8e3d-301143df9758', 'c2be39b5-df62-4edb-a693-71bad493cd9a', '9e4c84b2-a5c7-45e6-a910-634f796f27a4', '2026-03-09', 'PRESENT');
INSERT OR IGNORE INTO attendance (id, student_id, class_id, date, status) VALUES ('ef495f13-9ecc-4cc0-8cc4-6c77edebef4c', 'af4d0eb8-be44-4fe9-ad08-4bc8430118d8', '9e4c84b2-a5c7-45e6-a910-634f796f27a4', '2026-03-09', 'PRESENT');
INSERT OR IGNORE INTO attendance (id, student_id, class_id, date, status) VALUES ('26cd0104-c545-4cb1-8999-e68711822333', 'edc572c1-c1eb-4402-a6ff-eda9cb9eb919', '9e4c84b2-a5c7-45e6-a910-634f796f27a4', '2026-03-10', 'PRESENT');
INSERT OR IGNORE INTO attendance (id, student_id, class_id, date, status) VALUES ('90e1d2d7-59ea-45c6-904e-104493138890', 'ef20e7df-158f-4654-ade6-c61895a7ccc2', '9e4c84b2-a5c7-45e6-a910-634f796f27a4', '2026-03-10', 'PRESENT');
INSERT OR IGNORE INTO attendance (id, student_id, class_id, date, status) VALUES ('6beaade7-3bb7-4aae-8435-fd83c961d35f', '0c4c74a8-7777-43f0-a65d-af13a789c642', '9e4c84b2-a5c7-45e6-a910-634f796f27a4', '2026-03-10', 'PRESENT');
INSERT OR IGNORE INTO attendance (id, student_id, class_id, date, status) VALUES ('0858f11e-48cd-49c4-98c8-be14585a86f4', '570aaa04-49c8-4748-af44-f6af40b401b8', '9e4c84b2-a5c7-45e6-a910-634f796f27a4', '2026-03-10', 'PRESENT');
INSERT OR IGNORE INTO attendance (id, student_id, class_id, date, status) VALUES ('d89664c9-d1bf-4ffa-8250-ec9bd48fee0e', '727b314c-c6d8-4d25-9ad9-f93366757232', '9e4c84b2-a5c7-45e6-a910-634f796f27a4', '2026-03-10', 'PRESENT');
INSERT OR IGNORE INTO attendance (id, student_id, class_id, date, status) VALUES ('1454fc84-09e2-4206-a236-89d6ac198d5a', '8f017adb-3fc1-4398-8974-ec930ddd3b14', '9e4c84b2-a5c7-45e6-a910-634f796f27a4', '2026-03-10', 'PRESENT');
INSERT OR IGNORE INTO attendance (id, student_id, class_id, date, status) VALUES ('9f2f3979-8efb-4d9e-bc1f-1f737b19b766', 'a9e5e237-a981-49ec-b523-96b9293e4b04', '9e4c84b2-a5c7-45e6-a910-634f796f27a4', '2026-03-10', 'PRESENT');
INSERT OR IGNORE INTO attendance (id, student_id, class_id, date, status) VALUES ('00553854-9b57-43d3-8d1b-85dfc1b83891', '30d569e0-f9b8-4f2a-898b-943c967c19b9', '9e4c84b2-a5c7-45e6-a910-634f796f27a4', '2026-03-10', 'PRESENT');
INSERT OR IGNORE INTO attendance (id, student_id, class_id, date, status) VALUES ('9f321805-02c2-4de2-b651-b154008c1c96', '2e1c22e5-3e97-4769-a2db-28bd9f35f997', '9e4c84b2-a5c7-45e6-a910-634f796f27a4', '2026-03-10', 'PRESENT');
INSERT OR IGNORE INTO attendance (id, student_id, class_id, date, status) VALUES ('78faf9df-2166-4486-a846-5261be65af42', '3e722934-a636-4619-b556-a558b1f7ad4e', '9e4c84b2-a5c7-45e6-a910-634f796f27a4', '2026-03-10', 'PRESENT');
INSERT OR IGNORE INTO attendance (id, student_id, class_id, date, status) VALUES ('b897bdf2-5f4e-4890-a195-53c750ffa876', 'c2be39b5-df62-4edb-a693-71bad493cd9a', '9e4c84b2-a5c7-45e6-a910-634f796f27a4', '2026-03-10', 'PRESENT');
INSERT OR IGNORE INTO attendance (id, student_id, class_id, date, status) VALUES ('4f8b3c6a-3af6-4e2b-96a6-2fa1e3bee4c1', 'af4d0eb8-be44-4fe9-ad08-4bc8430118d8', '9e4c84b2-a5c7-45e6-a910-634f796f27a4', '2026-03-10', 'PRESENT');
INSERT OR IGNORE INTO attendance (id, student_id, class_id, date, status) VALUES ('8dc55507-e42b-4703-861d-ce2d0beacd98', 'edc572c1-c1eb-4402-a6ff-eda9cb9eb919', '9e4c84b2-a5c7-45e6-a910-634f796f27a4', '2026-03-11', 'PRESENT');
INSERT OR IGNORE INTO attendance (id, student_id, class_id, date, status) VALUES ('7f539e9c-4d7a-4e75-bb0f-06cce0a584b3', 'ef20e7df-158f-4654-ade6-c61895a7ccc2', '9e4c84b2-a5c7-45e6-a910-634f796f27a4', '2026-03-11', 'PRESENT');
INSERT OR IGNORE INTO attendance (id, student_id, class_id, date, status) VALUES ('92264690-cf84-4a52-9ab2-fb149a3ea6cc', '0c4c74a8-7777-43f0-a65d-af13a789c642', '9e4c84b2-a5c7-45e6-a910-634f796f27a4', '2026-03-11', 'PRESENT');
INSERT OR IGNORE INTO attendance (id, student_id, class_id, date, status) VALUES ('169ed065-7eff-4cac-8c5e-7db73d6992e7', '570aaa04-49c8-4748-af44-f6af40b401b8', '9e4c84b2-a5c7-45e6-a910-634f796f27a4', '2026-03-11', 'JUSTIFIED');
INSERT OR IGNORE INTO attendance (id, student_id, class_id, date, status) VALUES ('6f608e61-00c9-433d-80f6-ed119c839a07', '727b314c-c6d8-4d25-9ad9-f93366757232', '9e4c84b2-a5c7-45e6-a910-634f796f27a4', '2026-03-11', 'PRESENT');
INSERT OR IGNORE INTO attendance (id, student_id, class_id, date, status) VALUES ('1980b61c-7624-4ddf-8036-ab0a69d0dd3b', '8f017adb-3fc1-4398-8974-ec930ddd3b14', '9e4c84b2-a5c7-45e6-a910-634f796f27a4', '2026-03-11', 'PRESENT');
INSERT OR IGNORE INTO attendance (id, student_id, class_id, date, status) VALUES ('a3caf68c-45d0-4f98-b5bf-64f441b31646', 'a9e5e237-a981-49ec-b523-96b9293e4b04', '9e4c84b2-a5c7-45e6-a910-634f796f27a4', '2026-03-11', 'ABSENT');
INSERT OR IGNORE INTO attendance (id, student_id, class_id, date, status) VALUES ('9d215f06-8921-4627-aab2-288f330d5e36', '30d569e0-f9b8-4f2a-898b-943c967c19b9', '9e4c84b2-a5c7-45e6-a910-634f796f27a4', '2026-03-11', 'PRESENT');
INSERT OR IGNORE INTO attendance (id, student_id, class_id, date, status) VALUES ('6085f68d-aea5-4960-a759-ba4c499d30d1', '2e1c22e5-3e97-4769-a2db-28bd9f35f997', '9e4c84b2-a5c7-45e6-a910-634f796f27a4', '2026-03-11', 'PRESENT');
INSERT OR IGNORE INTO attendance (id, student_id, class_id, date, status) VALUES ('91eeffe7-7eda-4a0a-8fb2-1851caef247a', '3e722934-a636-4619-b556-a558b1f7ad4e', '9e4c84b2-a5c7-45e6-a910-634f796f27a4', '2026-03-11', 'PRESENT');
INSERT OR IGNORE INTO attendance (id, student_id, class_id, date, status) VALUES ('c098c964-1d02-4cfb-9566-4d3555205b8e', 'c2be39b5-df62-4edb-a693-71bad493cd9a', '9e4c84b2-a5c7-45e6-a910-634f796f27a4', '2026-03-11', 'PRESENT');
INSERT OR IGNORE INTO attendance (id, student_id, class_id, date, status) VALUES ('40a1505c-2b25-408e-8f10-86edf8df049f', 'af4d0eb8-be44-4fe9-ad08-4bc8430118d8', '9e4c84b2-a5c7-45e6-a910-634f796f27a4', '2026-03-11', 'PRESENT');
INSERT OR IGNORE INTO attendance (id, student_id, class_id, date, status) VALUES ('0aa02f4c-3e18-44c5-a778-713a8c4d0d22', 'edc572c1-c1eb-4402-a6ff-eda9cb9eb919', '9e4c84b2-a5c7-45e6-a910-634f796f27a4', '2026-03-12', 'PRESENT');
INSERT OR IGNORE INTO attendance (id, student_id, class_id, date, status) VALUES ('cc71e96a-1f8d-427e-9bbf-f82ede06ad94', 'ef20e7df-158f-4654-ade6-c61895a7ccc2', '9e4c84b2-a5c7-45e6-a910-634f796f27a4', '2026-03-12', 'PRESENT');
INSERT OR IGNORE INTO attendance (id, student_id, class_id, date, status) VALUES ('6d08b49b-0f9d-4e41-bc54-0b67268e0618', '0c4c74a8-7777-43f0-a65d-af13a789c642', '9e4c84b2-a5c7-45e6-a910-634f796f27a4', '2026-03-12', 'PRESENT');
INSERT OR IGNORE INTO attendance (id, student_id, class_id, date, status) VALUES ('fd9ed4a9-c613-462f-9a4f-dfad0d4e3a1e', '570aaa04-49c8-4748-af44-f6af40b401b8', '9e4c84b2-a5c7-45e6-a910-634f796f27a4', '2026-03-12', 'PRESENT');
INSERT OR IGNORE INTO attendance (id, student_id, class_id, date, status) VALUES ('f31ee945-1a1e-4f77-9854-d89bef972ab8', '727b314c-c6d8-4d25-9ad9-f93366757232', '9e4c84b2-a5c7-45e6-a910-634f796f27a4', '2026-03-12', 'ABSENT');
INSERT OR IGNORE INTO attendance (id, student_id, class_id, date, status) VALUES ('246c6d4c-4279-451d-a7f4-a7788314f341', '8f017adb-3fc1-4398-8974-ec930ddd3b14', '9e4c84b2-a5c7-45e6-a910-634f796f27a4', '2026-03-12', 'PRESENT');
INSERT OR IGNORE INTO attendance (id, student_id, class_id, date, status) VALUES ('abb04d13-41ba-4423-84cd-80cad3e9833d', 'a9e5e237-a981-49ec-b523-96b9293e4b04', '9e4c84b2-a5c7-45e6-a910-634f796f27a4', '2026-03-12', 'ABSENT');
INSERT OR IGNORE INTO attendance (id, student_id, class_id, date, status) VALUES ('8a4db771-bbe3-4dec-a77f-e72b610bc3b2', '30d569e0-f9b8-4f2a-898b-943c967c19b9', '9e4c84b2-a5c7-45e6-a910-634f796f27a4', '2026-03-12', 'PRESENT');
INSERT OR IGNORE INTO attendance (id, student_id, class_id, date, status) VALUES ('f3dd09e1-9c94-4a9d-b7e1-3487d02754cf', '2e1c22e5-3e97-4769-a2db-28bd9f35f997', '9e4c84b2-a5c7-45e6-a910-634f796f27a4', '2026-03-12', 'PRESENT');
INSERT OR IGNORE INTO attendance (id, student_id, class_id, date, status) VALUES ('f398a5e2-782f-40a7-9811-a92f544c5381', '3e722934-a636-4619-b556-a558b1f7ad4e', '9e4c84b2-a5c7-45e6-a910-634f796f27a4', '2026-03-12', 'PRESENT');
INSERT OR IGNORE INTO attendance (id, student_id, class_id, date, status) VALUES ('595a22b8-0591-4cf3-9bc4-93ab54e2a4b8', 'c2be39b5-df62-4edb-a693-71bad493cd9a', '9e4c84b2-a5c7-45e6-a910-634f796f27a4', '2026-03-12', 'ABSENT');
INSERT OR IGNORE INTO attendance (id, student_id, class_id, date, status) VALUES ('3bbef3f4-62d5-4d6d-acc1-48b5d33da5f4', 'af4d0eb8-be44-4fe9-ad08-4bc8430118d8', '9e4c84b2-a5c7-45e6-a910-634f796f27a4', '2026-03-12', 'ABSENT');
INSERT OR IGNORE INTO classes (id, name, grade, professor_id) VALUES ('2e38b32a-28a5-4d30-8c4a-e4ed11ee51c4', 'Aula de ejemplo 3', '3ro|B', '274ba237-229b-49fe-930f-740dab4ae648');
INSERT OR IGNORE INTO students (id, name, class_id) VALUES ('390e5a46-88af-4782-b84d-aff4fda73c05', 'David Rodríguez', '2e38b32a-28a5-4d30-8c4a-e4ed11ee51c4');
INSERT OR IGNORE INTO students (id, name, class_id) VALUES ('f66bba4b-b9e5-4967-b861-330c1b5042f2', 'Carlos Sánchez', '2e38b32a-28a5-4d30-8c4a-e4ed11ee51c4');
INSERT OR IGNORE INTO students (id, name, class_id) VALUES ('38e5ef86-aa3a-4f88-b275-501e6f4342e4', 'Ana Castillo', '2e38b32a-28a5-4d30-8c4a-e4ed11ee51c4');
INSERT OR IGNORE INTO students (id, name, class_id) VALUES ('fd868f61-3fdf-4ebf-8602-b1b8a0a04f6a', 'Lucía Pérez', '2e38b32a-28a5-4d30-8c4a-e4ed11ee51c4');
INSERT OR IGNORE INTO students (id, name, class_id) VALUES ('064068e3-f92b-40ac-abbf-7621b734d661', 'Alejandro Flores', '2e38b32a-28a5-4d30-8c4a-e4ed11ee51c4');
INSERT OR IGNORE INTO students (id, name, class_id) VALUES ('4f75152f-3d96-484d-bda1-e34d99903aa7', 'Luis Rojas', '2e38b32a-28a5-4d30-8c4a-e4ed11ee51c4');
INSERT OR IGNORE INTO students (id, name, class_id) VALUES ('f5aa3c5e-1d81-4ff5-8eef-539b0eb2ff09', 'José Alonso', '2e38b32a-28a5-4d30-8c4a-e4ed11ee51c4');
INSERT OR IGNORE INTO students (id, name, class_id) VALUES ('01fcb37d-3c7c-4bbb-8560-779de05ed9aa', 'Laura Fernández', '2e38b32a-28a5-4d30-8c4a-e4ed11ee51c4');
INSERT OR IGNORE INTO students (id, name, class_id) VALUES ('69e13b60-5f54-4457-8663-c08a8334114e', 'Alejandro Gómez', '2e38b32a-28a5-4d30-8c4a-e4ed11ee51c4');
INSERT OR IGNORE INTO students (id, name, class_id) VALUES ('1ca8915e-a6a3-4df4-bbfc-913a6c5b375e', 'Juan Martínez', '2e38b32a-28a5-4d30-8c4a-e4ed11ee51c4');
INSERT OR IGNORE INTO students (id, name, class_id) VALUES ('bc84f8d0-ca83-47f3-aef9-f1f22048bce5', 'Carlos González', '2e38b32a-28a5-4d30-8c4a-e4ed11ee51c4');
INSERT OR IGNORE INTO students (id, name, class_id) VALUES ('ac6db005-44e6-40fc-bf57-a675f2f1d33b', 'Carlos García', '2e38b32a-28a5-4d30-8c4a-e4ed11ee51c4');
INSERT OR IGNORE INTO attendance (id, student_id, class_id, date, status) VALUES ('cc9655ea-be45-4bc4-a937-9fefbff4a4b6', '390e5a46-88af-4782-b84d-aff4fda73c05', '2e38b32a-28a5-4d30-8c4a-e4ed11ee51c4', '2026-03-02', 'PRESENT');
INSERT OR IGNORE INTO attendance (id, student_id, class_id, date, status) VALUES ('9ad954d9-df17-4de8-a443-ff95e5729b94', 'f66bba4b-b9e5-4967-b861-330c1b5042f2', '2e38b32a-28a5-4d30-8c4a-e4ed11ee51c4', '2026-03-02', 'PRESENT');
INSERT OR IGNORE INTO attendance (id, student_id, class_id, date, status) VALUES ('e1b8ea74-7fe3-4dc7-8412-77f6abb47b2a', '38e5ef86-aa3a-4f88-b275-501e6f4342e4', '2e38b32a-28a5-4d30-8c4a-e4ed11ee51c4', '2026-03-02', 'PRESENT');
INSERT OR IGNORE INTO attendance (id, student_id, class_id, date, status) VALUES ('26905194-8ee6-4092-b7bc-d13011ac7425', 'fd868f61-3fdf-4ebf-8602-b1b8a0a04f6a', '2e38b32a-28a5-4d30-8c4a-e4ed11ee51c4', '2026-03-02', 'PRESENT');
INSERT OR IGNORE INTO attendance (id, student_id, class_id, date, status) VALUES ('aa15335a-e289-4fee-ae79-a883b5768aa3', '064068e3-f92b-40ac-abbf-7621b734d661', '2e38b32a-28a5-4d30-8c4a-e4ed11ee51c4', '2026-03-02', 'PRESENT');
INSERT OR IGNORE INTO attendance (id, student_id, class_id, date, status) VALUES ('4288dd2b-3f97-4ffc-804f-e7cbedc1386c', '4f75152f-3d96-484d-bda1-e34d99903aa7', '2e38b32a-28a5-4d30-8c4a-e4ed11ee51c4', '2026-03-02', 'PRESENT');
INSERT OR IGNORE INTO attendance (id, student_id, class_id, date, status) VALUES ('14749e08-2fbd-458f-814a-252f5b4c0c0b', 'f5aa3c5e-1d81-4ff5-8eef-539b0eb2ff09', '2e38b32a-28a5-4d30-8c4a-e4ed11ee51c4', '2026-03-02', 'PRESENT');
INSERT OR IGNORE INTO attendance (id, student_id, class_id, date, status) VALUES ('a948c3d6-5453-4cca-a8c2-a2829665919e', '01fcb37d-3c7c-4bbb-8560-779de05ed9aa', '2e38b32a-28a5-4d30-8c4a-e4ed11ee51c4', '2026-03-02', 'ABSENT');
INSERT OR IGNORE INTO attendance (id, student_id, class_id, date, status) VALUES ('47ea63ea-a172-4dc9-b976-1c0c2367e319', '69e13b60-5f54-4457-8663-c08a8334114e', '2e38b32a-28a5-4d30-8c4a-e4ed11ee51c4', '2026-03-02', 'ABSENT');
INSERT OR IGNORE INTO attendance (id, student_id, class_id, date, status) VALUES ('80b2ccb6-6e08-4d84-b171-8f606b162633', '1ca8915e-a6a3-4df4-bbfc-913a6c5b375e', '2e38b32a-28a5-4d30-8c4a-e4ed11ee51c4', '2026-03-02', 'ABSENT');
INSERT OR IGNORE INTO attendance (id, student_id, class_id, date, status) VALUES ('651ec2c6-a2c1-4365-b98c-007a00d15a64', 'bc84f8d0-ca83-47f3-aef9-f1f22048bce5', '2e38b32a-28a5-4d30-8c4a-e4ed11ee51c4', '2026-03-02', 'ABSENT');
INSERT OR IGNORE INTO attendance (id, student_id, class_id, date, status) VALUES ('9953a5dc-c1bb-478d-ab83-aa44e99870d0', 'ac6db005-44e6-40fc-bf57-a675f2f1d33b', '2e38b32a-28a5-4d30-8c4a-e4ed11ee51c4', '2026-03-02', 'PRESENT');
INSERT OR IGNORE INTO attendance (id, student_id, class_id, date, status) VALUES ('9a30606e-5955-4e89-bdf2-28d4f469f26a', '390e5a46-88af-4782-b84d-aff4fda73c05', '2e38b32a-28a5-4d30-8c4a-e4ed11ee51c4', '2026-03-03', 'ABSENT');
INSERT OR IGNORE INTO attendance (id, student_id, class_id, date, status) VALUES ('1d7a1a8c-987c-4291-800b-6686bd1ef2db', 'f66bba4b-b9e5-4967-b861-330c1b5042f2', '2e38b32a-28a5-4d30-8c4a-e4ed11ee51c4', '2026-03-03', 'PRESENT');
INSERT OR IGNORE INTO attendance (id, student_id, class_id, date, status) VALUES ('3fd4852a-28c7-45c1-8815-43af8303260a', '38e5ef86-aa3a-4f88-b275-501e6f4342e4', '2e38b32a-28a5-4d30-8c4a-e4ed11ee51c4', '2026-03-03', 'PRESENT');
INSERT OR IGNORE INTO attendance (id, student_id, class_id, date, status) VALUES ('616db60d-8183-4b75-9698-0883e49849cf', 'fd868f61-3fdf-4ebf-8602-b1b8a0a04f6a', '2e38b32a-28a5-4d30-8c4a-e4ed11ee51c4', '2026-03-03', 'PRESENT');
INSERT OR IGNORE INTO attendance (id, student_id, class_id, date, status) VALUES ('205a0927-d611-44da-b444-27c1e3128ea6', '064068e3-f92b-40ac-abbf-7621b734d661', '2e38b32a-28a5-4d30-8c4a-e4ed11ee51c4', '2026-03-03', 'ABSENT');
INSERT OR IGNORE INTO attendance (id, student_id, class_id, date, status) VALUES ('d6b6dbe2-1dc1-4969-8f28-93ee62e9c215', '4f75152f-3d96-484d-bda1-e34d99903aa7', '2e38b32a-28a5-4d30-8c4a-e4ed11ee51c4', '2026-03-03', 'PRESENT');
INSERT OR IGNORE INTO attendance (id, student_id, class_id, date, status) VALUES ('c4eeb3bb-61ba-4f92-ba39-22574a98bc1f', 'f5aa3c5e-1d81-4ff5-8eef-539b0eb2ff09', '2e38b32a-28a5-4d30-8c4a-e4ed11ee51c4', '2026-03-03', 'ABSENT');
INSERT OR IGNORE INTO attendance (id, student_id, class_id, date, status) VALUES ('34ad0f57-3d87-4fbb-b935-63de517ff6b2', '01fcb37d-3c7c-4bbb-8560-779de05ed9aa', '2e38b32a-28a5-4d30-8c4a-e4ed11ee51c4', '2026-03-03', 'PRESENT');
INSERT OR IGNORE INTO attendance (id, student_id, class_id, date, status) VALUES ('d847e6ab-4986-4752-8589-1889fffb07ae', '69e13b60-5f54-4457-8663-c08a8334114e', '2e38b32a-28a5-4d30-8c4a-e4ed11ee51c4', '2026-03-03', 'ABSENT');
INSERT OR IGNORE INTO attendance (id, student_id, class_id, date, status) VALUES ('28b23f64-045e-4221-aa41-9f2b2dd991e4', '1ca8915e-a6a3-4df4-bbfc-913a6c5b375e', '2e38b32a-28a5-4d30-8c4a-e4ed11ee51c4', '2026-03-03', 'PRESENT');
INSERT OR IGNORE INTO attendance (id, student_id, class_id, date, status) VALUES ('f564ad9d-c45e-4473-88ad-08b6f8e3763a', 'bc84f8d0-ca83-47f3-aef9-f1f22048bce5', '2e38b32a-28a5-4d30-8c4a-e4ed11ee51c4', '2026-03-03', 'PRESENT');
INSERT OR IGNORE INTO attendance (id, student_id, class_id, date, status) VALUES ('0bf1469c-a148-4bbb-8246-d2efae2e4e65', 'ac6db005-44e6-40fc-bf57-a675f2f1d33b', '2e38b32a-28a5-4d30-8c4a-e4ed11ee51c4', '2026-03-03', 'ABSENT');
INSERT OR IGNORE INTO attendance (id, student_id, class_id, date, status) VALUES ('08326d80-414a-4276-beee-204c3098774b', '390e5a46-88af-4782-b84d-aff4fda73c05', '2e38b32a-28a5-4d30-8c4a-e4ed11ee51c4', '2026-03-04', 'PRESENT');
INSERT OR IGNORE INTO attendance (id, student_id, class_id, date, status) VALUES ('4c0a68d6-03d3-48dd-a8bf-60fb7d4957ea', 'f66bba4b-b9e5-4967-b861-330c1b5042f2', '2e38b32a-28a5-4d30-8c4a-e4ed11ee51c4', '2026-03-04', 'PRESENT');
INSERT OR IGNORE INTO attendance (id, student_id, class_id, date, status) VALUES ('0476c254-94f5-400d-b15d-6794360f30ed', '38e5ef86-aa3a-4f88-b275-501e6f4342e4', '2e38b32a-28a5-4d30-8c4a-e4ed11ee51c4', '2026-03-04', 'PRESENT');
INSERT OR IGNORE INTO attendance (id, student_id, class_id, date, status) VALUES ('dced5844-5178-4e7c-bef5-f967ed88a918', 'fd868f61-3fdf-4ebf-8602-b1b8a0a04f6a', '2e38b32a-28a5-4d30-8c4a-e4ed11ee51c4', '2026-03-04', 'PRESENT');
INSERT OR IGNORE INTO attendance (id, student_id, class_id, date, status) VALUES ('51f80c04-1322-46a9-a3f4-7d749e532764', '064068e3-f92b-40ac-abbf-7621b734d661', '2e38b32a-28a5-4d30-8c4a-e4ed11ee51c4', '2026-03-04', 'PRESENT');
INSERT OR IGNORE INTO attendance (id, student_id, class_id, date, status) VALUES ('c72e93e0-5c44-46e4-84b7-6149e579c9f6', '4f75152f-3d96-484d-bda1-e34d99903aa7', '2e38b32a-28a5-4d30-8c4a-e4ed11ee51c4', '2026-03-04', 'PRESENT');
INSERT OR IGNORE INTO attendance (id, student_id, class_id, date, status) VALUES ('7de54960-95d1-45b1-9731-9c108644c28c', 'f5aa3c5e-1d81-4ff5-8eef-539b0eb2ff09', '2e38b32a-28a5-4d30-8c4a-e4ed11ee51c4', '2026-03-04', 'PRESENT');
INSERT OR IGNORE INTO attendance (id, student_id, class_id, date, status) VALUES ('675bde08-36c2-48dd-8865-b9a1ea8e63f8', '01fcb37d-3c7c-4bbb-8560-779de05ed9aa', '2e38b32a-28a5-4d30-8c4a-e4ed11ee51c4', '2026-03-04', 'PRESENT');
INSERT OR IGNORE INTO attendance (id, student_id, class_id, date, status) VALUES ('5c861160-116d-4b62-a6f3-2f8a3e4e9021', '69e13b60-5f54-4457-8663-c08a8334114e', '2e38b32a-28a5-4d30-8c4a-e4ed11ee51c4', '2026-03-04', 'PRESENT');
INSERT OR IGNORE INTO attendance (id, student_id, class_id, date, status) VALUES ('ba1837a8-5ee8-402b-89a0-fc922523fe73', '1ca8915e-a6a3-4df4-bbfc-913a6c5b375e', '2e38b32a-28a5-4d30-8c4a-e4ed11ee51c4', '2026-03-04', 'PRESENT');
INSERT OR IGNORE INTO attendance (id, student_id, class_id, date, status) VALUES ('80827ab2-34a6-4de2-b185-de98873f7b3f', 'bc84f8d0-ca83-47f3-aef9-f1f22048bce5', '2e38b32a-28a5-4d30-8c4a-e4ed11ee51c4', '2026-03-04', 'ABSENT');
INSERT OR IGNORE INTO attendance (id, student_id, class_id, date, status) VALUES ('ceb1077d-43ba-4d6c-b04f-acdfea109690', 'ac6db005-44e6-40fc-bf57-a675f2f1d33b', '2e38b32a-28a5-4d30-8c4a-e4ed11ee51c4', '2026-03-04', 'PRESENT');
INSERT OR IGNORE INTO attendance (id, student_id, class_id, date, status) VALUES ('e242fc09-6c74-407a-b727-0925c3fe9735', '390e5a46-88af-4782-b84d-aff4fda73c05', '2e38b32a-28a5-4d30-8c4a-e4ed11ee51c4', '2026-03-05', 'PRESENT');
INSERT OR IGNORE INTO attendance (id, student_id, class_id, date, status) VALUES ('83e23ba5-9984-4fc0-8df1-744568112bcf', 'f66bba4b-b9e5-4967-b861-330c1b5042f2', '2e38b32a-28a5-4d30-8c4a-e4ed11ee51c4', '2026-03-05', 'ABSENT');
INSERT OR IGNORE INTO attendance (id, student_id, class_id, date, status) VALUES ('1e856bf0-2a55-4c22-ac6e-732ca7c8ca5f', '38e5ef86-aa3a-4f88-b275-501e6f4342e4', '2e38b32a-28a5-4d30-8c4a-e4ed11ee51c4', '2026-03-05', 'PRESENT');
INSERT OR IGNORE INTO attendance (id, student_id, class_id, date, status) VALUES ('7928be3c-42bc-472c-98f0-49243b7d4744', 'fd868f61-3fdf-4ebf-8602-b1b8a0a04f6a', '2e38b32a-28a5-4d30-8c4a-e4ed11ee51c4', '2026-03-05', 'ABSENT');
INSERT OR IGNORE INTO attendance (id, student_id, class_id, date, status) VALUES ('244db70e-261f-4844-9de6-30c1d20c73b0', '064068e3-f92b-40ac-abbf-7621b734d661', '2e38b32a-28a5-4d30-8c4a-e4ed11ee51c4', '2026-03-05', 'PRESENT');
INSERT OR IGNORE INTO attendance (id, student_id, class_id, date, status) VALUES ('46aabe24-34e5-49af-bfde-c90b6673437a', '4f75152f-3d96-484d-bda1-e34d99903aa7', '2e38b32a-28a5-4d30-8c4a-e4ed11ee51c4', '2026-03-05', 'PRESENT');
INSERT OR IGNORE INTO attendance (id, student_id, class_id, date, status) VALUES ('97f9d75c-441e-4e05-93a5-a94ba52b1228', 'f5aa3c5e-1d81-4ff5-8eef-539b0eb2ff09', '2e38b32a-28a5-4d30-8c4a-e4ed11ee51c4', '2026-03-05', 'PRESENT');
INSERT OR IGNORE INTO attendance (id, student_id, class_id, date, status) VALUES ('7b09919a-b91f-4dff-bbd0-2f32c7dc05dc', '01fcb37d-3c7c-4bbb-8560-779de05ed9aa', '2e38b32a-28a5-4d30-8c4a-e4ed11ee51c4', '2026-03-05', 'PRESENT');
INSERT OR IGNORE INTO attendance (id, student_id, class_id, date, status) VALUES ('892202cf-574c-483c-a31e-e7a891dd95c3', '69e13b60-5f54-4457-8663-c08a8334114e', '2e38b32a-28a5-4d30-8c4a-e4ed11ee51c4', '2026-03-05', 'PRESENT');
INSERT OR IGNORE INTO attendance (id, student_id, class_id, date, status) VALUES ('50ed2d90-9825-4ac2-a62a-c9100c434e6c', '1ca8915e-a6a3-4df4-bbfc-913a6c5b375e', '2e38b32a-28a5-4d30-8c4a-e4ed11ee51c4', '2026-03-05', 'JUSTIFIED');
INSERT OR IGNORE INTO attendance (id, student_id, class_id, date, status) VALUES ('99c43498-ba5f-4e1e-878c-2b909279a827', 'bc84f8d0-ca83-47f3-aef9-f1f22048bce5', '2e38b32a-28a5-4d30-8c4a-e4ed11ee51c4', '2026-03-05', 'PRESENT');
INSERT OR IGNORE INTO attendance (id, student_id, class_id, date, status) VALUES ('5519fa33-fd6b-495b-a2f8-793946fd58c1', 'ac6db005-44e6-40fc-bf57-a675f2f1d33b', '2e38b32a-28a5-4d30-8c4a-e4ed11ee51c4', '2026-03-05', 'ABSENT');
INSERT OR IGNORE INTO attendance (id, student_id, class_id, date, status) VALUES ('a15de36f-17a0-4550-a03b-7ec746cecc94', '390e5a46-88af-4782-b84d-aff4fda73c05', '2e38b32a-28a5-4d30-8c4a-e4ed11ee51c4', '2026-03-06', 'ABSENT');
INSERT OR IGNORE INTO attendance (id, student_id, class_id, date, status) VALUES ('ef79c5b1-078d-4f2c-96e1-cd26d84a2387', 'f66bba4b-b9e5-4967-b861-330c1b5042f2', '2e38b32a-28a5-4d30-8c4a-e4ed11ee51c4', '2026-03-06', 'PRESENT');
INSERT OR IGNORE INTO attendance (id, student_id, class_id, date, status) VALUES ('dc82d3cb-0be6-4a47-8006-4aeaf9f1cb90', '38e5ef86-aa3a-4f88-b275-501e6f4342e4', '2e38b32a-28a5-4d30-8c4a-e4ed11ee51c4', '2026-03-06', 'PRESENT');
INSERT OR IGNORE INTO attendance (id, student_id, class_id, date, status) VALUES ('1f86b7d2-b9d7-4c3a-827b-3c66a8464b8e', 'fd868f61-3fdf-4ebf-8602-b1b8a0a04f6a', '2e38b32a-28a5-4d30-8c4a-e4ed11ee51c4', '2026-03-06', 'PRESENT');
INSERT OR IGNORE INTO attendance (id, student_id, class_id, date, status) VALUES ('5383682c-c43d-4c05-bf72-bae0138454fd', '064068e3-f92b-40ac-abbf-7621b734d661', '2e38b32a-28a5-4d30-8c4a-e4ed11ee51c4', '2026-03-06', 'PRESENT');
INSERT OR IGNORE INTO attendance (id, student_id, class_id, date, status) VALUES ('5e301be6-64e4-4bdc-b82f-2223dafe4487', '4f75152f-3d96-484d-bda1-e34d99903aa7', '2e38b32a-28a5-4d30-8c4a-e4ed11ee51c4', '2026-03-06', 'PRESENT');
INSERT OR IGNORE INTO attendance (id, student_id, class_id, date, status) VALUES ('a95d6969-c32d-4c54-bf58-d37d7229c4c6', 'f5aa3c5e-1d81-4ff5-8eef-539b0eb2ff09', '2e38b32a-28a5-4d30-8c4a-e4ed11ee51c4', '2026-03-06', 'PRESENT');
INSERT OR IGNORE INTO attendance (id, student_id, class_id, date, status) VALUES ('f59d3901-1401-433c-9adb-5006a3aed3f0', '01fcb37d-3c7c-4bbb-8560-779de05ed9aa', '2e38b32a-28a5-4d30-8c4a-e4ed11ee51c4', '2026-03-06', 'PRESENT');
INSERT OR IGNORE INTO attendance (id, student_id, class_id, date, status) VALUES ('4a1078b2-3dda-46f7-b9ef-0887be85cc94', '69e13b60-5f54-4457-8663-c08a8334114e', '2e38b32a-28a5-4d30-8c4a-e4ed11ee51c4', '2026-03-06', 'PRESENT');
INSERT OR IGNORE INTO attendance (id, student_id, class_id, date, status) VALUES ('be393fdf-0a4b-45ec-a179-519271f785d3', '1ca8915e-a6a3-4df4-bbfc-913a6c5b375e', '2e38b32a-28a5-4d30-8c4a-e4ed11ee51c4', '2026-03-06', 'PRESENT');
INSERT OR IGNORE INTO attendance (id, student_id, class_id, date, status) VALUES ('e1726af8-3917-456f-91fd-531c7363de33', 'bc84f8d0-ca83-47f3-aef9-f1f22048bce5', '2e38b32a-28a5-4d30-8c4a-e4ed11ee51c4', '2026-03-06', 'PRESENT');
INSERT OR IGNORE INTO attendance (id, student_id, class_id, date, status) VALUES ('d4f6868c-edfd-47c1-a4d4-cc4f57ff32b7', 'ac6db005-44e6-40fc-bf57-a675f2f1d33b', '2e38b32a-28a5-4d30-8c4a-e4ed11ee51c4', '2026-03-06', 'PRESENT');
INSERT OR IGNORE INTO attendance (id, student_id, class_id, date, status) VALUES ('b28bc249-1fe3-41d7-a933-153be1b4c3c2', '390e5a46-88af-4782-b84d-aff4fda73c05', '2e38b32a-28a5-4d30-8c4a-e4ed11ee51c4', '2026-03-09', 'PRESENT');
INSERT OR IGNORE INTO attendance (id, student_id, class_id, date, status) VALUES ('57914412-e977-447c-af9d-e970a28d3918', 'f66bba4b-b9e5-4967-b861-330c1b5042f2', '2e38b32a-28a5-4d30-8c4a-e4ed11ee51c4', '2026-03-09', 'ABSENT');
INSERT OR IGNORE INTO attendance (id, student_id, class_id, date, status) VALUES ('f2611096-13f2-41bd-9825-e0f856b36482', '38e5ef86-aa3a-4f88-b275-501e6f4342e4', '2e38b32a-28a5-4d30-8c4a-e4ed11ee51c4', '2026-03-09', 'PRESENT');
INSERT OR IGNORE INTO attendance (id, student_id, class_id, date, status) VALUES ('e09cdb38-bfa5-4522-b91e-144c7d9f456b', 'fd868f61-3fdf-4ebf-8602-b1b8a0a04f6a', '2e38b32a-28a5-4d30-8c4a-e4ed11ee51c4', '2026-03-09', 'PRESENT');
INSERT OR IGNORE INTO attendance (id, student_id, class_id, date, status) VALUES ('febcdf79-1770-4ab9-aac4-91271c1e61e1', '064068e3-f92b-40ac-abbf-7621b734d661', '2e38b32a-28a5-4d30-8c4a-e4ed11ee51c4', '2026-03-09', 'PRESENT');
INSERT OR IGNORE INTO attendance (id, student_id, class_id, date, status) VALUES ('ceb1b90b-4870-49ef-8ee6-0f500701939b', '4f75152f-3d96-484d-bda1-e34d99903aa7', '2e38b32a-28a5-4d30-8c4a-e4ed11ee51c4', '2026-03-09', 'PRESENT');
INSERT OR IGNORE INTO attendance (id, student_id, class_id, date, status) VALUES ('4e027161-e5f1-4839-a115-3f3a755082d7', 'f5aa3c5e-1d81-4ff5-8eef-539b0eb2ff09', '2e38b32a-28a5-4d30-8c4a-e4ed11ee51c4', '2026-03-09', 'PRESENT');
INSERT OR IGNORE INTO attendance (id, student_id, class_id, date, status) VALUES ('3ea107a2-354e-472a-8f1c-72dabc88e2db', '01fcb37d-3c7c-4bbb-8560-779de05ed9aa', '2e38b32a-28a5-4d30-8c4a-e4ed11ee51c4', '2026-03-09', 'PRESENT');
INSERT OR IGNORE INTO attendance (id, student_id, class_id, date, status) VALUES ('0baffed4-69e0-4f1c-a2dc-8e980c16de16', '69e13b60-5f54-4457-8663-c08a8334114e', '2e38b32a-28a5-4d30-8c4a-e4ed11ee51c4', '2026-03-09', 'PRESENT');
INSERT OR IGNORE INTO attendance (id, student_id, class_id, date, status) VALUES ('2f560916-99a7-4ec8-8ef8-f94e1ae9a46d', '1ca8915e-a6a3-4df4-bbfc-913a6c5b375e', '2e38b32a-28a5-4d30-8c4a-e4ed11ee51c4', '2026-03-09', 'PRESENT');
INSERT OR IGNORE INTO attendance (id, student_id, class_id, date, status) VALUES ('d45438ae-6da2-4557-9995-81e66d0f976c', 'bc84f8d0-ca83-47f3-aef9-f1f22048bce5', '2e38b32a-28a5-4d30-8c4a-e4ed11ee51c4', '2026-03-09', 'ABSENT');
INSERT OR IGNORE INTO attendance (id, student_id, class_id, date, status) VALUES ('c7456757-c182-4af5-acca-1a28d22115d9', 'ac6db005-44e6-40fc-bf57-a675f2f1d33b', '2e38b32a-28a5-4d30-8c4a-e4ed11ee51c4', '2026-03-09', 'PRESENT');
INSERT OR IGNORE INTO attendance (id, student_id, class_id, date, status) VALUES ('0e62767f-d63b-471a-8502-138eb72d2413', '390e5a46-88af-4782-b84d-aff4fda73c05', '2e38b32a-28a5-4d30-8c4a-e4ed11ee51c4', '2026-03-10', 'PRESENT');
INSERT OR IGNORE INTO attendance (id, student_id, class_id, date, status) VALUES ('0a401bf6-5078-4d3d-88e9-c93461ecee08', 'f66bba4b-b9e5-4967-b861-330c1b5042f2', '2e38b32a-28a5-4d30-8c4a-e4ed11ee51c4', '2026-03-10', 'PRESENT');
INSERT OR IGNORE INTO attendance (id, student_id, class_id, date, status) VALUES ('b5ed7925-a5d9-4afd-a433-0130347aaa2e', '38e5ef86-aa3a-4f88-b275-501e6f4342e4', '2e38b32a-28a5-4d30-8c4a-e4ed11ee51c4', '2026-03-10', 'PRESENT');
INSERT OR IGNORE INTO attendance (id, student_id, class_id, date, status) VALUES ('ae63ba53-c995-4d20-8420-d4db56a76b92', 'fd868f61-3fdf-4ebf-8602-b1b8a0a04f6a', '2e38b32a-28a5-4d30-8c4a-e4ed11ee51c4', '2026-03-10', 'PRESENT');
INSERT OR IGNORE INTO attendance (id, student_id, class_id, date, status) VALUES ('86456372-5cd7-4447-8fcd-ac0ed4eeec53', '064068e3-f92b-40ac-abbf-7621b734d661', '2e38b32a-28a5-4d30-8c4a-e4ed11ee51c4', '2026-03-10', 'JUSTIFIED');
INSERT OR IGNORE INTO attendance (id, student_id, class_id, date, status) VALUES ('19f98913-9319-41a7-ac68-3979e7b9821e', '4f75152f-3d96-484d-bda1-e34d99903aa7', '2e38b32a-28a5-4d30-8c4a-e4ed11ee51c4', '2026-03-10', 'PRESENT');
INSERT OR IGNORE INTO attendance (id, student_id, class_id, date, status) VALUES ('a085e9c8-036a-4716-b627-8e5694550a43', 'f5aa3c5e-1d81-4ff5-8eef-539b0eb2ff09', '2e38b32a-28a5-4d30-8c4a-e4ed11ee51c4', '2026-03-10', 'PRESENT');
INSERT OR IGNORE INTO attendance (id, student_id, class_id, date, status) VALUES ('c69bb502-1e1e-47b8-b795-80daaab6d1b7', '01fcb37d-3c7c-4bbb-8560-779de05ed9aa', '2e38b32a-28a5-4d30-8c4a-e4ed11ee51c4', '2026-03-10', 'PRESENT');
INSERT OR IGNORE INTO attendance (id, student_id, class_id, date, status) VALUES ('acb8c3a6-5ec4-4458-b0fa-399a8d058aae', '69e13b60-5f54-4457-8663-c08a8334114e', '2e38b32a-28a5-4d30-8c4a-e4ed11ee51c4', '2026-03-10', 'ABSENT');
INSERT OR IGNORE INTO attendance (id, student_id, class_id, date, status) VALUES ('ca7d6c51-f2f2-4ea6-819e-5bf9426c04ec', '1ca8915e-a6a3-4df4-bbfc-913a6c5b375e', '2e38b32a-28a5-4d30-8c4a-e4ed11ee51c4', '2026-03-10', 'PRESENT');
INSERT OR IGNORE INTO attendance (id, student_id, class_id, date, status) VALUES ('92363ee1-b3d8-4121-8116-099c4083a209', 'bc84f8d0-ca83-47f3-aef9-f1f22048bce5', '2e38b32a-28a5-4d30-8c4a-e4ed11ee51c4', '2026-03-10', 'PRESENT');
INSERT OR IGNORE INTO attendance (id, student_id, class_id, date, status) VALUES ('dc7aa7d7-5112-461a-b5fd-064bb4651d4b', 'ac6db005-44e6-40fc-bf57-a675f2f1d33b', '2e38b32a-28a5-4d30-8c4a-e4ed11ee51c4', '2026-03-10', 'PRESENT');
INSERT OR IGNORE INTO attendance (id, student_id, class_id, date, status) VALUES ('97b6c42c-93b7-4f55-ad59-673093aa96b0', '390e5a46-88af-4782-b84d-aff4fda73c05', '2e38b32a-28a5-4d30-8c4a-e4ed11ee51c4', '2026-03-11', 'PRESENT');
INSERT OR IGNORE INTO attendance (id, student_id, class_id, date, status) VALUES ('007e4e7a-e1e1-4377-a687-23a2d7898746', 'f66bba4b-b9e5-4967-b861-330c1b5042f2', '2e38b32a-28a5-4d30-8c4a-e4ed11ee51c4', '2026-03-11', 'PRESENT');
INSERT OR IGNORE INTO attendance (id, student_id, class_id, date, status) VALUES ('190b13a9-c07d-4e66-b959-92ba34c7e270', '38e5ef86-aa3a-4f88-b275-501e6f4342e4', '2e38b32a-28a5-4d30-8c4a-e4ed11ee51c4', '2026-03-11', 'JUSTIFIED');
INSERT OR IGNORE INTO attendance (id, student_id, class_id, date, status) VALUES ('dc4a28b3-802c-48b3-bc8b-b94622f79557', 'fd868f61-3fdf-4ebf-8602-b1b8a0a04f6a', '2e38b32a-28a5-4d30-8c4a-e4ed11ee51c4', '2026-03-11', 'PRESENT');
INSERT OR IGNORE INTO attendance (id, student_id, class_id, date, status) VALUES ('1266b4b5-a5fb-47ae-9f07-ea788a9c7a1d', '064068e3-f92b-40ac-abbf-7621b734d661', '2e38b32a-28a5-4d30-8c4a-e4ed11ee51c4', '2026-03-11', 'PRESENT');
INSERT OR IGNORE INTO attendance (id, student_id, class_id, date, status) VALUES ('8623f16d-7616-416a-8715-140e2320937e', '4f75152f-3d96-484d-bda1-e34d99903aa7', '2e38b32a-28a5-4d30-8c4a-e4ed11ee51c4', '2026-03-11', 'PRESENT');
INSERT OR IGNORE INTO attendance (id, student_id, class_id, date, status) VALUES ('3bfe3c8d-4816-48e3-9936-93a2f4cdcbe2', 'f5aa3c5e-1d81-4ff5-8eef-539b0eb2ff09', '2e38b32a-28a5-4d30-8c4a-e4ed11ee51c4', '2026-03-11', 'PRESENT');
INSERT OR IGNORE INTO attendance (id, student_id, class_id, date, status) VALUES ('70e2fca1-feae-4d5d-8630-80ee50b240f2', '01fcb37d-3c7c-4bbb-8560-779de05ed9aa', '2e38b32a-28a5-4d30-8c4a-e4ed11ee51c4', '2026-03-11', 'ABSENT');
INSERT OR IGNORE INTO attendance (id, student_id, class_id, date, status) VALUES ('c40b403f-3bd4-42b2-8d10-1f3476472ae5', '69e13b60-5f54-4457-8663-c08a8334114e', '2e38b32a-28a5-4d30-8c4a-e4ed11ee51c4', '2026-03-11', 'PRESENT');
INSERT OR IGNORE INTO attendance (id, student_id, class_id, date, status) VALUES ('312b89fe-850f-493f-9e4f-c08a63e59c2d', '1ca8915e-a6a3-4df4-bbfc-913a6c5b375e', '2e38b32a-28a5-4d30-8c4a-e4ed11ee51c4', '2026-03-11', 'ABSENT');
INSERT OR IGNORE INTO attendance (id, student_id, class_id, date, status) VALUES ('1178933a-d2c2-4be8-94bf-83e0834e1d0e', 'bc84f8d0-ca83-47f3-aef9-f1f22048bce5', '2e38b32a-28a5-4d30-8c4a-e4ed11ee51c4', '2026-03-11', 'PRESENT');
INSERT OR IGNORE INTO attendance (id, student_id, class_id, date, status) VALUES ('5c57c573-28c8-4f49-95b6-5bef0172d1b1', 'ac6db005-44e6-40fc-bf57-a675f2f1d33b', '2e38b32a-28a5-4d30-8c4a-e4ed11ee51c4', '2026-03-11', 'PRESENT');
INSERT OR IGNORE INTO attendance (id, student_id, class_id, date, status) VALUES ('8a5be95c-37ec-4c0c-a0c0-deb118d05e29', '390e5a46-88af-4782-b84d-aff4fda73c05', '2e38b32a-28a5-4d30-8c4a-e4ed11ee51c4', '2026-03-12', 'PRESENT');
INSERT OR IGNORE INTO attendance (id, student_id, class_id, date, status) VALUES ('83d6d6b1-76e3-47d5-8ca5-15b83e8c7193', 'f66bba4b-b9e5-4967-b861-330c1b5042f2', '2e38b32a-28a5-4d30-8c4a-e4ed11ee51c4', '2026-03-12', 'PRESENT');
INSERT OR IGNORE INTO attendance (id, student_id, class_id, date, status) VALUES ('89338734-23cd-45d5-bbfa-b2236c8ca02f', '38e5ef86-aa3a-4f88-b275-501e6f4342e4', '2e38b32a-28a5-4d30-8c4a-e4ed11ee51c4', '2026-03-12', 'ABSENT');
INSERT OR IGNORE INTO attendance (id, student_id, class_id, date, status) VALUES ('8ce21318-1722-4443-be7b-eef957cb4e29', 'fd868f61-3fdf-4ebf-8602-b1b8a0a04f6a', '2e38b32a-28a5-4d30-8c4a-e4ed11ee51c4', '2026-03-12', 'ABSENT');
INSERT OR IGNORE INTO attendance (id, student_id, class_id, date, status) VALUES ('4578b933-0925-48f2-b3ea-4858fa274ffb', '064068e3-f92b-40ac-abbf-7621b734d661', '2e38b32a-28a5-4d30-8c4a-e4ed11ee51c4', '2026-03-12', 'PRESENT');
INSERT OR IGNORE INTO attendance (id, student_id, class_id, date, status) VALUES ('4860eb2d-21e3-4df4-90f0-530b46e28d70', '4f75152f-3d96-484d-bda1-e34d99903aa7', '2e38b32a-28a5-4d30-8c4a-e4ed11ee51c4', '2026-03-12', 'PRESENT');
INSERT OR IGNORE INTO attendance (id, student_id, class_id, date, status) VALUES ('16b3ee2e-e1e1-4a0a-b76d-719918471203', 'f5aa3c5e-1d81-4ff5-8eef-539b0eb2ff09', '2e38b32a-28a5-4d30-8c4a-e4ed11ee51c4', '2026-03-12', 'PRESENT');
INSERT OR IGNORE INTO attendance (id, student_id, class_id, date, status) VALUES ('010ffd81-dac6-41d2-92f0-b8ba6fc4b5ad', '01fcb37d-3c7c-4bbb-8560-779de05ed9aa', '2e38b32a-28a5-4d30-8c4a-e4ed11ee51c4', '2026-03-12', 'PRESENT');
INSERT OR IGNORE INTO attendance (id, student_id, class_id, date, status) VALUES ('1a9e9e6e-8ba2-4e4f-a964-b659bf5faf56', '69e13b60-5f54-4457-8663-c08a8334114e', '2e38b32a-28a5-4d30-8c4a-e4ed11ee51c4', '2026-03-12', 'PRESENT');
INSERT OR IGNORE INTO attendance (id, student_id, class_id, date, status) VALUES ('bbd71daa-7aba-43e9-b928-56547291ff16', '1ca8915e-a6a3-4df4-bbfc-913a6c5b375e', '2e38b32a-28a5-4d30-8c4a-e4ed11ee51c4', '2026-03-12', 'PRESENT');
INSERT OR IGNORE INTO attendance (id, student_id, class_id, date, status) VALUES ('32296e31-eeab-4043-91dc-1dc3e17bae26', 'bc84f8d0-ca83-47f3-aef9-f1f22048bce5', '2e38b32a-28a5-4d30-8c4a-e4ed11ee51c4', '2026-03-12', 'PRESENT');
INSERT OR IGNORE INTO attendance (id, student_id, class_id, date, status) VALUES ('e9190513-8b7d-4384-87aa-417cca527cc2', 'ac6db005-44e6-40fc-bf57-a675f2f1d33b', '2e38b32a-28a5-4d30-8c4a-e4ed11ee51c4', '2026-03-12', 'ABSENT');